cpu_link,name,Ranking,Base CPU freq,Max CPU freq,Cores,Threads,TDP,Max operating temperature,Released,Core / Architecture,Lithography,Official website,Max GPU frequency,Memory Type,Max RAM,Integrated GPU,Base GPU frequency,LL Cache,AI Performance
https://laptopmedia.com/processor/amd-ryzen-9-7945hx/,amd ryzen 9 7945hx,1.0,2.5,5.45,16.0,32.0,55.0,100.0,2023.0,Dragon Range,5.0,amd,2200.0,DDR5,64.0,AMD Radeon 610M,,81920.0,
https://laptopmedia.com/processor/amd-ryzen-9-7940hx/,amd ryzen 9 7940hx,2.0,2.4,5.2,12.0,24.0,55.0,100.0,2024.0,Dragon Range-HX,5.0,amd,2200.0,DDR5,64.0,AMD Radeon 610M,400.0,65536.0,
https://laptopmedia.com/processor/amd-ryzen-9-7945hx3d/,amd ryzen 9 7945hx3d,3.0,2.3,5.4,16.0,32.0,55.0,89.0,2023.5,Dragon Range-HX,5.0,amd,2200.0,DDR5,64.0,AMD Radeon 610M,400.0,131072.0,
https://laptopmedia.com/processor/intel-core-i9-13980hx/,intel core i9-13980hx,4.0,1.6,5.6,24.0,32.0,55.0,100.0,2023.0,Raptor Lake-HX,10.0,intel,1650.0,DDR5,128.0,Intel UHD Graphics 770,,36.0,
https://laptopmedia.com/processor/intel-core-i9-14900hx/,intel core i9-14900hx,5.0,1.6,5.8,24.0,32.0,55.0,100.0,2024.0,Raptor Lake-HX Refresh,10.0,intel,,DDR4,192.0,,,36.0,
https://laptopmedia.com/processor/intel-core-i9-13950hx/,intel core i9-13950hx,6.0,1.6,5.5,24.0,32.0,55.0,100.0,2023.0,Raptor Lake-HX,10.0,,1650.0,DDR5,,Intel UHD Graphics 770,,36.0,
https://laptopmedia.com/processor/intel-core-i9-13900hx/,intel core i9-13900hx,7.0,1.6,5.4,24.0,32.0,55.0,100.0,2023.0,Raptor Lake-HX,10.0,intel,1650.0,DDR5,128.0,Intel UHD Graphics 770,,36864.0,
https://laptopmedia.com/processor/amd-ryzen-9-7845hx/,amd ryzen 9 7845hx,8.0,3.0,5.2,12.0,24.0,55.0,100.0,2023.0,Dragon Range-HX,5.0,amd,2200.0,DDR5,64.0,AMD Radeon 610M,400.0,65536.0,
https://laptopmedia.com/processor/intel-core-i7-14700hx/,intel core i7-14700hx,9.0,1.5,5.5,20.0,28.0,55.0,100.0,2024.0,Raptor Lake-HX Refresh,10.0,intel,,DDR4,192.0,,,33.0,
https://laptopmedia.com/processor/intel-core-i7-13850hx/,intel core i7-13850hx,10.0,1.5,5.3,20.0,28.0,55.0,100.0,2023.0,Raptor Lake-HX,10.0,intel,1600.0,DDR5,128.0,Intel UHD Graphics 770,,30.0,
https://laptopmedia.com/processor/intel-core-i7-14650hx/,intel core i7-14650hx,11.0,1.6,5.2,16.0,24.0,55.0,100.0,2024.0,Raptor Lake-HX Refresh,10.0,intel,,DDR4,192.0,,,30.0,
https://laptopmedia.com/processor/apple-m3-max-16-core-cpu/,apple m3 max (16-core cpu),12.0,0.0,0.0,16.0,16.0,,,2023.75,Apple M3,3.0,apple,,,,,,,"18.0"
https://laptopmedia.com/processor/apple-m3-max-14-core-cpu/,apple m3 max (14-core cpu),13.0,0.0,0.0,14.0,14.0,,,2023.75,Apple M3,3.0,apple,,,,,,,"18.0"
https://laptopmedia.com/processor/intel-core-i7-13700hx/,intel core i7-13700hx,14.0,1.5,5.0,16.0,24.0,55.0,100.0,2023.0,Raptor Lake-HX,10.0,,1550.0,DDR5,,Intel UHD Graphics 770,,30.0,
https://laptopmedia.com/processor/intel-core-i5-13600hx/,intel core i5-13600hx,15.0,1.9,4.8,14.0,20.0,55.0,100.0,2023.0,Raptor Lake-HX,10.0,,1500.0,DDR5,,Intel UHD Graphics 770,,24.0,
https://laptopmedia.com/processor/amd-ryzen-ai-9-hx-370/,amd ryzen ai 9 hx 370,16.0,2.0,5.1,12.0,24.0,15.0,,,Strix Point,4.0,amd,2900.0,DDR5,256.0,AMD Radeon 890M,,24576.0,"80.0"
https://laptopmedia.com/processor/intel-core-i7-13650hx/,intel core i7-13650hx,17.0,1.9,4.9,14.0,20.0,55.0,100.0,2023.0,Raptor Lake-HX,10.0,intel,1550.0,DDR5,128.0,Intel UHD Graphics 770,,24.0,
https://laptopmedia.com/processor/intel-core-i9-13900hk/,intel core i9-13900hk,18.0,1.9,5.4,14.0,20.0,45.0,100.0,2023.0,Raptor Lake-H,10.0,intel,1500.0,DDR5,64.0,Intel Iris Xe Graphics G7 (96EU),,24.0,
https://laptopmedia.com/processor/intel-core-ultra-9-185h/,intel core ultra 9 185h,19.0,1.0,5.1,16.0,22.0,45.0,110.0,2023.75,Meteor Lake-H,7.0,intel,2350.0,DDR5,96.0,Intel Arc (8-Cores),,24.0,"34.0"
https://laptopmedia.com/processor/intel-core-i9-12900hx/,intel core i9-12900hx,20.0,1.7,5.0,16.0,24.0,45.0,100.0,2022.0,Alder Lake-S,10.0,intel,1550.0,DDR5,128.0,Intel UHD Graphics Xe 750 (32EU),300.0,30720.0,
https://laptopmedia.com/processor/intel-core-i7-12850hx/,intel core i7-12850hx,21.0,1.5,4.8,16.0,24.0,55.0,100.0,2022.25,Alder Lake-S,10.0,intel,1450.0,DDR5,128.0,Intel UHD Graphics Xe 750 (32EU),350.0,25600.0,
https://laptopmedia.com/processor/intel-core-i7-13705h/,intel core i7-13705h,22.0,1.8,5.0,14.0,20.0,45.0,100.0,2023.0,Raptor Lake-H,10.0,,1500.0,DDR5,,Intel Iris Xe Graphics G7 (96EU),,24.0,
https://laptopmedia.com/processor/intel-core-i7-12800hx/,intel core i7-12800hx,23.0,1.5,4.8,16.0,24.0,55.0,100.0,2022.25,Alder Lake-S,10.0,intel,1450.0,DDR5,128.0,Intel UHD Graphics Xe 750 (32EU),350.0,25600.0,
https://laptopmedia.com/processor/intel-core-i9-13900h/,intel core i9-13900h,24.0,1.9,5.4,14.0,20.0,45.0,100.0,2023.0,Raptor Lake-H,10.0,,1500.0,DDR5,,Intel Iris Xe Graphics G7 (96EU),,24.0,
https://laptopmedia.com/processor/intel-core-i9-12950hx/,intel core i9-12950hx,25.0,1.7,5.0,16.0,24.0,55.0,100.0,2022.25,Alder Lake-S,10.0,intel,1550.0,DDR5,128.0,Intel UHD Graphics Xe 750 (32EU),350.0,30720.0,
https://laptopmedia.com/processor/amd-ryzen-7-7745hx/,amd ryzen 7 7745hx,26.0,3.6,5.1,8.0,16.0,55.0,100.0,2023.0,,5.0,amd,2200.0,DDR5,64.0,AMD Radeon 610M,,32768.0,
https://laptopmedia.com/processor/intel-core-i5-14500hx/,intel core i5-14500hx,27.0,1.9,4.9,14.0,20.0,55.0,100.0,2024.0,Raptor Lake-HX Refresh,10.0,intel,,DDR4,192.0,,,24.0,
https://laptopmedia.com/processor/intel-core-i9-13905h/,intel core i9-13905h,28.0,1.9,5.4,14.0,20.0,45.0,100.0,2023.0,Raptor Lake-H,10.0,,1500.0,DDR5,,Intel Iris Xe Graphics G7 (96EU),,24.0,
https://laptopmedia.com/processor/intel-core-i7-13800h/,intel core i7-13800h,29.0,1.8,5.2,14.0,20.0,45.0,100.0,2023.0,Raptor Lake-H,10.0,,1500.0,DDR5,,Intel Iris Xe Graphics G7 (96EU),,24.0,
https://laptopmedia.com/processor/intel-core-i5-13500hx/,intel core i5-13500hx,30.0,1.8,4.7,14.0,20.0,55.0,100.0,2023.0,Raptor Lake-HX,10.0,,1500.0,DDR5,,Intel UHD Graphics 770,,24.0,
https://laptopmedia.com/processor/amd-ryzen-9-8945hs/,amd ryzen 9 8945hs,31.0,4.0,5.2,8.0,16.0,45.0,100.0,2023.75,Hawk Point,4.0,amd,2800.0,DDR5,,AMD Radeon 780M,1500.0,16.0,"39.0"
https://laptopmedia.com/processor/amd-ryzen-7-7840hs/,amd ryzen 7 7840hs,32.0,3.8,5.1,8.0,16.0,35.0,100.0,2023.0,,4.0,amd,2900.0,DDR5,256.0,AMD Radeon 780M,1500.0,16384.0,
https://laptopmedia.com/processor/amd-ryzen-9-7940hs/,amd ryzen 9 7940hs,33.0,4.0,5.2,8.0,16.0,35.0,100.0,2023.0,,4.0,amd,2800.0,DDR5,256.0,AMD Radeon 780M,1500.0,16384.0,
https://laptopmedia.com/processor/intel-core-i9-12900hk/,intel core i9-12900hk,34.0,1.8,5.0,14.0,20.0,45.0,100.0,2022.0,Alder Lake-H,10.0,intel,1450.0,DDR5,64.0,Intel Iris Xe Graphics G7 (96EU),400.0,24576.0,
https://laptopmedia.com/processor/amd-ryzen-7-8845hs/,amd ryzen 7 8845hs,35.0,3.8,5.1,8.0,16.0,45.0,100.0,2023.75,Hawk Point,4.0,amd,2700.0,DDR5,,AMD Radeon 780M,1500.0,16.0,"38.0"
https://laptopmedia.com/processor/intel-core-i7-13700h/,intel core i7-13700h,36.0,1.8,5.0,14.0,20.0,45.0,100.0,2023.0,Raptor Lake-H,10.0,,1500.0,DDR5,,Intel Iris Xe Graphics G7 (96EU),,24.0,
https://laptopmedia.com/processor/amd-ryzen-9-pro-7940hs/,amd ryzen 9 pro 7940hs,37.0,4.0,5.2,8.0,16.0,45.0,100.0,2023.0,Phoenix,4.0,amd,2800.0,DDR5,256.0,AMD Radeon 780M,1500.0,16384.0,
https://laptopmedia.com/processor/intel-core-i9-12900h/,intel core i9-12900h,38.0,1.8,5.0,14.0,20.0,45.0,100.0,2022.0,Alder Lake-H,10.0,intel,1450.0,DDR5,64.0,Intel Iris Xe Graphics G7 (96EU),400.0,24576.0,
https://laptopmedia.com/processor/intel-core-ultra-7-165h/,intel core ultra 7 165h,39.0,0.7,5.0,16.0,22.0,28.0,110.0,2023.75,Meteor Lake-H,7.0,intel,2300.0,DDR5,96.0,Intel Arc (8-Cores),,24.0,"34.0"
https://laptopmedia.com/processor/intel-core-i5-13450hx/,intel core i5-13450hx,40.0,1.8,4.6,10.0,16.0,55.0,100.0,2023.0,Raptor Lake-HX,10.0,,1450.0,DDR5,,Intel UHD Graphics 770,,20.0,
https://laptopmedia.com/processor/amd-ryzen-7-pro-7840hs/,amd ryzen 7 pro 7840hs,41.0,3.8,5.1,8.0,16.0,45.0,100.0,2023.0,Phoenix,4.0,amd,2900.0,DDR5,256.0,AMD Radeon 780M,1500.0,16384.0,
https://laptopmedia.com/processor/amd-ryzen-7-8840hs/,amd ryzen 7 8840hs,42.0,3.3,5.1,8.0,16.0,28.0,100.0,2023.75,Hawk Point,4.0,amd,2700.0,DDR5,,AMD Radeon 780M,1500.0,16.0,"38.0"
https://laptopmedia.com/processor/intel-core-ultra-7-155h/,intel core ultra 7 155h,43.0,0.7,4.8,16.0,22.0,28.0,110.0,2023.75,Meteor Lake-H,7.0,intel,2250.0,DDR5,96.0,Intel Arc (8-Cores),,24.0,"34.0"
https://laptopmedia.com/processor/intel-core-i7-12700h/,intel core i7-12700h,44.0,1.7,4.7,14.0,20.0,45.0,100.0,2022.0,Alder Lake-H,10.0,intel,1400.0,DDR5,64.0,Intel Iris Xe Graphics G7 (96EU),400.0,24576.0,
https://laptopmedia.com/processor/core-i7-12800h/,intel core i7-12800h,45.0,1.8,4.8,14.0,20.0,45.0,100.0,2022.0,Alder Lake-H,10.0,intel,1450.0,DDR5,64.0,Intel Iris Xe Graphics G7 (96EU),400.0,24576.0,
https://laptopmedia.com/processor/apple-m3-pro-12-core-cpu/,apple m3 pro (12-core cpu),46.0,0.0,0.0,12.0,12.0,,,2023.75,Apple M3,3.0,apple,,,,,,,"18.0"
https://laptopmedia.com/processor/intel-core-i5-14450hx/,intel core i5-14450hx,47.0,1.8,4.8,10.0,16.0,55.0,100.0,2024.0,Raptor Lake-HX Refresh,10.0,intel,,DDR4,192.0,,,20.0,
https://laptopmedia.com/processor/intel-core-i7-13620h/,intel core i7-13620h,48.0,1.8,4.9,10.0,16.0,45.0,100.0,2023.0,Raptor Lake-H,10.0,,1500.0,DDR5,,"Intel UHD Graphics (Alder Lake, 64EU)",,24576.0,
https://laptopmedia.com/processor/intel-core-i5-13600h/,intel core i5-13600h,49.0,2.1,4.8,12.0,16.0,45.0,100.0,2023.0,Raptor Lake-H,10.0,,1500.0,DDR5,,Intel Iris Xe Graphics G7 (80EU),,18.0,
https://laptopmedia.com/processor/intel-core-i5-13500h/,intel core i5-13500h,50.0,1.9,4.7,12.0,16.0,45.0,100.0,2023.0,Raptor Lake-H,10.0,,1450.0,DDR5,,Intel Iris Xe Graphics G7 (80EU),,18.0,
https://laptopmedia.com/processor/intel-core-ultra-5-135h/,intel core ultra 5 135h,51.0,0.7,4.6,14.0,18.0,28.0,110.0,2023.75,Meteor Lake-H,7.0,intel,2200.0,DDR5,96.0,Intel Arc (7-Cores),,18.0,"34.0"
https://laptopmedia.com/processor/intel-core-ultra-5-125h/,intel core ultra 5 125h,52.0,0.7,4.5,14.0,18.0,28.0,110.0,2023.75,Meteor Lake-H,7.0,intel,2200.0,DDR5,96.0,Intel Arc (7-Cores),,18.0,"34.0"
https://laptopmedia.com/processor/apple-m2-max/,apple m2 max,53.0,2.42,3.5,12.0,12.0,,,2023.0,Avalanche / Blizzard,5.0,apple,,DDR5,,Apple M2 Max GPU,,,"15.0"
https://laptopmedia.com/processor/apple-m2-pro-12-core-cpu/,apple m2 pro (12-core cpu),54.0,2.42,3.5,12.0,12.0,,,2023.0,Avalanche / Blizzard,5.0,apple,,DDR5,,Apple M2 Pro GPU,,,"15.0"
https://laptopmedia.com/processor/amd-ryzen-9-6980hs/,amd ryzen 9 6980hs,55.0,3.3,5.0,8.0,16.0,35.0,95.0,2022.0,,6.0,amd,2400.0,DDR5,,AMD Radeon 680M,,20480.0,
https://laptopmedia.com/processor/amd-ryzen-ai-9-365/,amd ryzen ai 9 365,56.0,2.0,5.0,10.0,20.0,15.0,,,Strix Point,4.0,amd,2900.0,DDR5,256.0,AMD Radeon 880M,,24576.0,"73.0"
https://laptopmedia.com/processor/amd-ryzen-9-6980hx/,amd ryzen 9 6980hx,57.0,3.3,5.0,8.0,16.0,45.0,95.0,2022.0,,6.0,amd,2400.0,DDR5,,AMD Radeon 680M,,2048.0,
https://laptopmedia.com/processor/amd-ryzen-9-pro-6950h/,amd ryzen 9 pro 6950h,58.0,3.3,4.9,8.0,16.0,45.0,95.0,2022.25,Rembrandt H,6.0,amd,2400.0,DDR5,64.0,AMD Radeon 680M,,16384.0,
https://laptopmedia.com/processor/amd-ryzen-9-6900hs/,amd�e�� ryzen 9 6900hs,59.0,3.3,4.9,8.0,16.0,35.0,95.0,2022.0,,6.0,amd,2200.0,DDR5,,AMD Radeon 680M,,20480.0,
https://laptopmedia.com/processor/amd-ryzen-z1-extreme/,amd ryzen z1 extreme,60.0,3.3,5.1,8.0,16.0,30.0,100.0,2023.0,Phoenix,4.0,amd,2700.0,DDR5,,AMD Radeon 780M,1500.0,16384.0,
https://laptopmedia.com/processor/amd-ryzen-7-6800h/,amd ryzen 7 6800h,61.0,3.2,4.7,8.0,16.0,45.0,95.0,2022.0,,6.0,amd,2200.0,DDR5,,AMD Radeon 680M,,20480.0,
https://laptopmedia.com/processor/amd-ryzen-9-6900hx/,amd�e��ryzen 9 6900hx,62.0,3.3,4.9,8.0,16.0,45.0,95.0,2022.0,,6.0,amd,2400.0,DDR5,,AMD Radeon 680M,,20480.0,
https://laptopmedia.com/processor/amd-ryzen-7-7735hs/,amd ryzen 7 7735hs,63.0,3.2,4.75,8.0,16.0,35.0,95.0,2023.0,Rembrandt-R,6.0,amd,2200.0,DDR5,,AMD Radeon 680M,,20480.0,
https://laptopmedia.com/processor/amd-ryzen-5-7645hx/,amd ryzen 5 7645hx,64.0,4.0,5.0,6.0,12.0,55.0,100.0,2023.0,Dragon Range,5.0,amd,2200.0,DDR5,64.0,AMD Radeon 610M,400.0,32768.0,
https://laptopmedia.com/processor/intel-core-i9-11980hk/,intel core i9-11980hk,65.0,2.6,5.0,8.0,16.0,45.0,100.0,2021.25,Tiger Lake-H45,14.0,,1450.0,DDR4,,Intel UHD Graphics Xe 750 (32EU),350.0,24576.0,
https://laptopmedia.com/processor/intel-core-i5-12600h/,intel core i5-12600h,66.0,2.0,4.5,12.0,16.0,45.0,100.0,2022.0,Alder Lake-H,10.0,intel,1400.0,DDR5,64.0,Intel Iris Xe Graphics G7 (80EU),400.0,18432.0,
https://laptopmedia.com/processor/amd-ryzen-7-6800hs/,amd ryzen 7 6800hs,67.0,3.2,4.7,8.0,16.0,35.0,95.0,2022.0,,6.0,,2200.0,DDR5,,AMD Radeon 680M,,20480.0,
https://laptopmedia.com/processor/amd-ryzen-9-5980hx/,amd ryzen 9 5980hx,68.0,3.3,4.8,8.0,16.0,45.0,105.0,2021.0,,7.0,amd,2100.0,DDR4,,"AMD Radeon RX Vega 8 (R4000/5000, 35/45W)",400.0,20480.0,
https://laptopmedia.com/processor/apple-m3-pro-11-core-cpu/,apple m3 pro (11-core cpu),69.0,0.0,0.0,11.0,11.0,,,2023.75,Apple M3,3.0,apple,,,,,,,"18.0"
https://laptopmedia.com/processor/amd-ryzen-9-5900hs/,amd ryzen 9 5900hs,70.0,3.0,4.6,8.0,16.0,35.0,105.0,2021.0,,7.0,amd,2100.0,DDR4,,"AMD Radeon RX Vega 8 (R4000/5000, 35/45W)",,16384.0,
https://laptopmedia.com/processor/intel-core-i7-12650h/,intel core i7-12650h,71.0,1.7,4.7,10.0,16.0,45.0,100.0,2022.0,Alder Lake-H,10.0,intel,1400.0,DDR5,64.0,"Intel UHD Graphics (Alder Lake, 64EU)",,24576.0,
https://laptopmedia.com/processor/intel-core-i7-1280p/,intel core i7-1280p,72.0,1.3,4.8,14.0,20.0,28.0,100.0,2022.0,Alder Lake-P,10.0,intel,1450.0,DDR5,64.0,Intel Iris Xe Graphics G7 (96EU),400.0,24576.0,
https://laptopmedia.com/processor/amd-ryzen-7-pro-6850h/,amd ryzen 7 pro 6850h,73.0,3.2,4.7,8.0,16.0,45.0,95.0,,,6.0,,2200.0,DDR5,,AMD Radeon 680M,,20480.0,
https://laptopmedia.com/processor/intel-core-i7-1370p/,intel core i7-1370p,74.0,1.4,5.2,14.0,20.0,28.0,100.0,2023.0,Raptor Lake-P,10.0,,1500.0,DDR5,,Intel Iris Xe Graphics G7 (96EU),,24.0,
https://laptopmedia.com/processor/amd-ryzen-5-7640hs/,amd ryzen 5 7640hs,75.0,4.3,5.0,6.0,12.0,35.0,100.0,2023.0,,4.0,amd,2800.0,DDR5,256.0,AMD Radeon 760M,1500.0,16384.0,
https://laptopmedia.com/processor/amd-ryzen-7-8840u/,amd ryzen 7 8840u,76.0,3.3,5.1,8.0,16.0,28.0,100.0,2023.75,Hawk Point,4.0,amd,2700.0,DDR5,,AMD Radeon 780M,1500.0,16.0,"38.0"
https://laptopmedia.com/processor/amd-ryzen-7-7736u/,amd ryzen 7 7736u�e��e,77.0,2.7,4.7,8.0,16.0,15.0,95.0,2023.0,,6.0,amd,2200.0,DDR5,64.0,AMD Radeon 680M,,16384.0,
https://laptopmedia.com/processor/amd-ryzen-7-pro-7840u/,amd ryzen 7 pro 7840u,78.0,3.3,5.1,8.0,16.0,28.0,100.0,2023.25,Phoenix,4.0,amd,2700.0,DDR5,256.0,AMD Radeon 780M,1500.0,16384.0,
https://laptopmedia.com/processor/amd-ryzen-9-5980hs/,amd ryzen 9 5980hs,79.0,3.0,4.8,8.0,16.0,35.0,,2021.0,,,,,,,,,20480.0,
https://laptopmedia.com/processor/amd-ryzen-9-5900hx/,amd ryzen 9 5900hx,80.0,3.3,4.6,8.0,16.0,45.0,105.0,2021.0,,7.0,amd,,DDR4,,"AMD Radeon RX Vega 8 (R4000/5000, 35/45W)",2100.0,20480.0,
https://laptopmedia.com/processor/amd-ryzen-5-8645hs/,amd ryzen 5 8645hs,81.0,4.3,5.0,6.0,12.0,45.0,100.0,2023.75,Hawk Point,4.0,amd,2600.0,DDR5,,AMD Radeon 760M,1500.0,16.0,"31.0"
https://laptopmedia.com/processor/amd-ryzen-7-5800h/,amd ryzen 7 5800h,82.0,3.2,4.4,8.0,16.0,45.0,105.0,2021.0,,7.0,amd,1750.0,DDR4,32.0,"AMD Radeon RX Vega 8 (R4000/5000, 35/45W)",2000.0,20480.0,
https://laptopmedia.com/processor/amd-ryzen-7-7735u/,amd ryzen 7 7735u,83.0,2.7,4.75,8.0,16.0,28.0,95.0,2023.0,Rembrandt-R,6.0,amd,2200.0,DDR5,64.0,AMD Radeon 680M,,20480.0,
https://laptopmedia.com/processor/intel-core-i5-13420h/,intel core i5-13420h,84.0,1.5,4.6,8.0,12.0,45.0,100.0,2023.0,Raptor Lake-H,10.0,,1400.0,DDR5,,Intel UHD Graphics Xe G4 (48EU),,12.0,
https://laptopmedia.com/processor/apple-m1-max/,apple m1 max,85.0,0.0,3.2,16.0,16.0,,,2021.75,Apple M1 Max,5.0,apple,,DDR5,64.0,Apple M1 Max GPU (32-core),1296.0,,"11.0"
https://laptopmedia.com/processor/apple-m1-pro-10-core/,apple m1 pro (10-core),86.0,0.0,3.2,10.0,10.0,30.0,,2021.75,Apple M1 Pro,5.0,apple,,DDR5,32.0,Apple M1 Pro GPU (16-core),1296.0,28672.0,"11.0"
https://laptopmedia.com/processor/intel-core-i7-11800h/,intel core i7-11800h,87.0,2.3,4.6,8.0,16.0,45.0,100.0,2021.25,Tiger Lake-H45,10.0,intel,1450.0,DDR4,128.0,Intel UHD Graphics Xe 750 (32EU),350.0,24576.0,
https://laptopmedia.com/processor/amd-ryzen-5-8640hs/,amd ryzen 5 8640hs,88.0,3.5,4.9,6.0,12.0,28.0,100.0,2023.75,Hawk Point,4.0,amd,2600.0,DDR5,,AMD Radeon 760M,1500.0,16.0,"31.0"
https://laptopmedia.com/processor/amd-ryzen-7-7840u/,amd ryzen 7 7840u,89.0,3.3,5.1,8.0,16.0,28.0,100.0,2023.25,Phoenix,4.0,amd,2700.0,DDR5,256.0,AMD Radeon 780M,1500.0,16384.0,
https://laptopmedia.com/processor/intel-core-i5-12500h/,intel core i5-12500h,90.0,1.8,4.5,12.0,16.0,45.0,100.0,2022.0,Alder Lake-H,10.0,intel,1300.0,DDR5,64.0,Intel Iris Xe Graphics G7 (80EU),400.0,18432.0,
https://laptopmedia.com/processor/intel-core-i9-11900h/,intel core i9-11900h,91.0,2.1,4.9,8.0,16.0,45.0,100.0,2021.25,Tiger Lake-H45,10.0,intel,1450.0,DDR4,128.0,Intel UHD Graphics Xe 750 (32EU),350.0,24576.0,
https://laptopmedia.com/processor/core-i7-11850h/,intel core i7-11850h,92.0,2.5,4.8,8.0,16.0,45.0,100.0,2021.25,Tiger Lake-H45,10.0,,1450.0,DDR4,,Intel UHD Graphics Xe 750 (32EU),350.0,24576.0,
https://laptopmedia.com/processor/intel-core-i9-11950h/,intel core i9-11950h,93.0,0.0,5.0,8.0,16.0,45.0,100.0,2021.25,Tiger Lake-H45,10.0,,1450.0,DDR4,,Intel UHD Graphics Xe 750 (32EU),350.0,24576.0,
https://laptopmedia.com/processor/amd-ryzen-7-5800hs/,amd ryzen 7 5800hs,94.0,2.8,4.4,8.0,16.0,35.0,,2021.0,,,,,,,"AMD Radeon RX Vega 8 (R4000/5000, 35/45W)",,20480.0,
https://laptopmedia.com/processor/amd-ryzen-7-pro-6860z/,amd ryzen 7 pro 6860z,95.0,2.7,4.75,8.0,16.0,28.0,95.0,2022.25,Rembrandt,6.0,amd,2200.0,DDR5,64.0,AMD Radeon 680M,,20480.0,
https://laptopmedia.com/processor/apple-m2-pro-10-core-cpu/,apple m2 pro (10-core cpu),96.0,2.42,3.5,10.0,10.0,,,2023.0,Avalanche / Blizzard,5.0,apple,,DDR5,32.0,Apple M2 Pro GPU,,,"15.0"
https://laptopmedia.com/processor/intel-core-i7-1360p/,intel core i7-1360p,97.0,1.5,5.0,12.0,16.0,28.0,100.0,2023.0,Raptor Lake-P,10.0,,1500.0,DDR5,,Intel Iris Xe Graphics G7 (96EU),,18.0,
https://laptopmedia.com/processor/amd-ryzen-9-4900h/,amd ryzen 9 4900h,98.0,3.3,4.4,8.0,16.0,45.0,105.0,2020.0,,7.0,amd,1750.0,DDR4,,"AMD Radeon RX Vega 8 (R4000/5000, 35/45W)",,8192.0,
https://laptopmedia.com/processor/amd-ryzen-7-pro-5875u/,amd ryzen 7 pro 5875u,99.0,2.0,4.5,8.0,16.0,15.0,95.0,2022.0,,7.0,amd,2000.0,DDR4,,"AMD Radeon RX Vega 8 (R4000/5000, 15W)",,20.0,
https://laptopmedia.com/processor/amd-ryzen-9-pro-6950hs/,amd ryzen 9 pro 6950hs,100.0,3.3,4.9,8.0,16.0,35.0,95.0,2022.25,Rembrandt H,6.0,amd,2400.0,DDR5,64.0,AMD Radeon 680M,,16384.0,
https://laptopmedia.com/processor/amd-ryzen-5-pro-7640hs/,amd ryzen 5 pro 7640hs,101.0,4.3,5.0,6.0,12.0,45.0,100.0,2023.0,Phoenix,4.0,amd,2800.0,DDR5,256.0,AMD Radeon 760M,1500.0,16384.0,
https://laptopmedia.com/processor/amd-ryzen-5-8640u/,amd ryzen 5 8640u,102.0,3.5,4.9,6.0,12.0,28.0,100.0,2023.75,Hawk Point,4.0,amd,2600.0,DDR5,,AMD Radeon 760M,1500.0,16.0,"31.0"
https://laptopmedia.com/processor/intel-core-i5-1340p/,intel core i5-1340p,103.0,1.4,4.6,12.0,16.0,28.0,100.0,2023.0,Raptor Lake-P,10.0,,1450.0,DDR5,,Intel Iris Xe Graphics G7 (80EU),,12.0,
https://laptopmedia.com/processor/intel-core-i5-1350p/,intel core i5-1350p,104.0,1.4,4.7,12.0,16.0,28.0,100.0,2023.0,Raptor Lake-P,10.0,,1500.0,DDR5,,Intel Iris Xe Graphics G7 (80EU),,12.0,
https://laptopmedia.com/processor/amd-ryzen-9-4900hs/,amd ryzen 9 4900hs,105.0,3.0,4.3,8.0,16.0,35.0,105.0,2020.0,,7.0,amd,1750.0,DDR4,,"AMD Radeon RX Vega 8 (R4000/5000, 35/45W)",,8192.0,
https://laptopmedia.com/processor/intel-core-i5-12450hx/,intel core i5-12450hx,106.0,1.8,4.4,8.0,12.0,55.0,100.0,2022.25,Alder Lake-S,10.0,intel,1300.0,DDR5,128.0,Intel UHD Graphics Xe 750 (16EU),350.0,12288.0,
https://laptopmedia.com/processor/qualcomm-snapdragon-x-elite-x1e-78-100/,qualcomm snapdragon x elite x1e-78-100,107.0,0.0,3.4,12.0,12.0,23.0,,2024.25,Snapdragon X Elite,4.0,qualcomm,,DDR5,64.0,Qualcomm Snapdragon X Elite Adreno GPU,,43008.0,"45.0"
https://laptopmedia.com/processor/intel-core-ultra-7-165u/,intel core ultra 7 165u,108.0,0.7,4.9,12.0,14.0,15.0,110.0,2023.75,Meteor Lake-U,7.0,intel,2000.0,DDR5,96.0,Intel Graphics (4-Cores),,12.0,"34.0"
https://laptopmedia.com/processor/intel-xeon-w-11955m/,intel xeon w-11955m,109.0,0.0,5.0,8.0,16.0,45.0,100.0,2021.25,Tiger Lake-H45,10.0,,1450.0,DDR4,,Intel UHD Graphics Xe 750 (32EU),350.0,24576.0,
https://laptopmedia.com/processor/intel-core-i5-12450h/,intel core i5-12450h,110.0,1.5,4.4,8.0,12.0,45.0,100.0,2022.0,Alder Lake-H,10.0,intel,1200.0,DDR5,64.0,Intel UHD Graphics Xe G4 (48EU),300.0,12288.0,
https://laptopmedia.com/processor/amd-ryzen-7-6800u/,amd ryzen 7 6800u,111.0,2.7,4.7,8.0,16.0,15.0,95.0,2022.0,,6.0,amd,2200.0,DDR5,,AMD Radeon 680M,,20480.0,
https://laptopmedia.com/processor/amd-ryzen-5-7640u/,amd ryzen 5 7640u,112.0,3.5,4.9,6.0,12.0,28.0,100.0,2023.25,Phoenix,4.0,amd,2600.0,DDR5,256.0,AMD Radeon 760M,,16384.0,
https://laptopmedia.com/processor/intel-core-i9-10980hk/,intel core i9-10980hk,113.0,2.4,5.1,8.0,16.0,45.0,100.0,,Comet Lake-H,14.0,,1250.0,DDR4,128.0,Intel UHD Graphics 630,350.0,16384.0,
https://laptopmedia.com/processor/intel-core-i7-11600h/,intel core i7-11600h,114.0,2.9,4.6,6.0,12.0,45.0,100.0,2021.25,Tiger Lake-H45,10.0,intel,1450.0,DDR4,128.0,Intel UHD Graphics Xe 750 (32EU),350.0,18432.0,
https://laptopmedia.com/processor/intel-core-ultra-5-135u/,intel core ultra 5 135u,115.0,0.7,4.4,12.0,14.0,15.0,110.0,2023.75,Meteor Lake-U,7.0,intel,1900.0,DDR5,96.0,Intel Graphics (4-Cores),,12.0,"34.0"
https://laptopmedia.com/processor/amd-ryzen-7-5825u/,amd ryzen 7 5825u,116.0,2.0,4.5,8.0,16.0,15.0,95.0,2022.0,,6.0,amd,2000.0,DDR4,,"AMD Radeon RX Vega 8 (R4000/5000, 15W)",,20480.0,
https://laptopmedia.com/processor/intel-xeon-w-11855m/,intel xeon w-11855m,117.0,0.0,4.9,6.0,12.0,45.0,100.0,2021.25,Tiger Lake-H45,10.0,,1450.0,DDR4,,Intel UHD Graphics Xe 750 (32EU),350.0,18432.0,
https://laptopmedia.com/processor/amd-ryzen-7-7730u/,amd ryzen 7 7730u,118.0,2.0,4.5,8.0,16.0,15.0,95.0,2023.0,Barcelo-R,7.0,amd,2000.0,DDR4,64.0,"AMD Radeon RX Vega 8 (R4000/5000, 15W)",,20480.0,
https://laptopmedia.com/processor/amd-ryzen-7-pro-6850u/,amd ryzen 7 pro 6850u,119.0,2.7,4.7,8.0,16.0,15.0,95.0,2022.25,,6.0,amd,2200.0,DDR5,64.0,AMD Radeon 680M,,20480.0,
https://laptopmedia.com/processor/intel-core-ultra-7-155u/,intel core ultra 7 155u,120.0,0.7,4.8,12.0,14.0,15.0,110.0,2023.75,Meteor Lake-U,7.0,intel,1950.0,DDR5,96.0,Intel Graphics (4-Cores),,12.0,"34.0"
https://laptopmedia.com/processor/amd-ryzen-5-6600h/,amd ryzen 5 6600h,121.0,3.3,4.5,6.0,12.0,45.0,95.0,2022.0,,6.0,amd,1900.0,DDR5,,AMD Radeon 660M,,19456.0,
https://laptopmedia.com/processor/qualcomm-snapdragon-x-elite-x1e-80-100/,qualcomm snapdragon x elite x1e-80-100,122.0,3.4,4.0,12.0,12.0,23.0,,2024.25,Snapdragon X Elite,4.0,qualcomm,,DDR5,64.0,Qualcomm Snapdragon X Elite Adreno GPU,,43008.0,"45.0"
https://laptopmedia.com/processor/intel-core-ultra-5-125u/,intel core ultra 5 125u,123.0,0.7,4.3,12.0,14.0,15.0,110.0,2023.75,Meteor Lake-U,7.0,intel,1850.0,DDR5,96.0,Intel Graphics (4-Cores),,12.0,"34.0"
https://laptopmedia.com/processor/apple-m3-8-core-cpu/,apple m3 (8-core cpu),124.0,0.0,0.0,8.0,8.0,,,2023.75,Apple M3,3.0,apple,,,,,,,"18.0"
https://laptopmedia.com/processor/amd-ryzen-5-7535hs/,amd ryzen 5 7535hs,125.0,3.3,4.55,6.0,12.0,35.0,95.0,2023.0,Rembrandt-R,6.0,amd,1900.0,DDR5,64.0,AMD Radeon 660M,,19456.0,
https://laptopmedia.com/processor/amd-ryzen-7-pro-7730u/,amd ryzen 7 pro 7730u,126.0,2.0,4.5,8.0,16.0,15.0,95.0,2023.0,Barcelo-R,7.0,amd,2000.0,DDR4,64.0,"AMD Radeon RX Vega 8 (R4000/5000, 15W)",,20480.0,
https://laptopmedia.com/processor/amd-ryzen-7-4800u/,amd ryzen 7 4800u,127.0,1.8,4.2,8.0,16.0,15.0,105.0,2020.0,,7.0,amd,1750.0,DDR4,,"AMD Radeon RX Vega 8 (R4000/5000, 15W)",1400.0,8192.0,
https://laptopmedia.com/processor/intel-core-i7-1260p/,intel core i7-1260p,128.0,1.5,4.7,12.0,16.0,28.0,100.0,2022.0,Alder Lake-P,10.0,intel,1400.0,DDR5,64.0,Intel Iris Xe Graphics G7 (96EU),400.0,18432.0,
https://laptopmedia.com/processor/amd-ryzen-5-7535u/,amd ryzen 5 7535u,129.0,2.9,4.55,6.0,12.0,28.0,95.0,2023.0,Rembrandt-R,6.0,amd,1900.0,DDR5,64.0,AMD Radeon 660M,,16384.0,
https://laptopmedia.com/processor/amd-ryzen-5-8540u/,amd ryzen 5 8540u,130.0,3.2,4.9,6.0,12.0,28.0,100.0,2023.75,Hawk Point,4.0,amd,2800.0,DDR5,,AMD Radeon 740M,1500.0,16.0,
https://laptopmedia.com/processor/amd-ryzen-5-7540u/,amd ryzen 5 7540u,131.0,3.2,4.9,6.0,12.0,28.0,100.0,2023.25,Phoenix,4.0,amd,2500.0,DDR5,256.0,AMD Radeon 740M,1500.0,16384.0,
https://laptopmedia.com/processor/amd-ryzen-5-6600u/,amd ryzen 5 6600u,132.0,2.9,4.5,6.0,12.0,15.0,95.0,2022.0,,6.0,amd,1900.0,DDR5,,AMD Radeon 660M,,19456.0,
https://laptopmedia.com/processor/amd-ryzen-5-6600hs/,amd ryzen 5 6600hs,133.0,0.0,4.5,6.0,12.0,35.0,95.0,2022.0,,6.0,amd,1900.0,DDR5,,AMD Radeon 660M,,19456.0,
https://laptopmedia.com/processor/amd-ryzen-3-7535u/,amd ryzen 3 7335u,134.0,3.0,4.3,4.0,8.0,28.0,95.0,2023.0,Rembrandt-R,6.0,amd,1800.0,DDR5,64.0,AMD Radeon 660M,,8000.0,
https://laptopmedia.com/processor/amd-ryzen-7-5800u/,amd ryzen 7 5800u,135.0,1.9,4.4,8.0,16.0,15.0,,2021.0,,7.0,,,,,"AMD Radeon RX Vega 8 (R4000/5000, 15W)",,20480.0,
https://laptopmedia.com/processor/intel-core-i5-1240p/,intel core i5-1240p,136.0,1.2,4.4,12.0,16.0,28.0,100.0,2022.0,Alder Lake-P,10.0,intel,1300.0,DDR5,64.0,Intel Iris Xe Graphics G7 (80EU),400.0,12288.0,
https://laptopmedia.com/processor/amd-ryzen-7-5850u/,amd ryzen 7 5850u,137.0,1.9,4.4,8.0,16.0,15.0,105.0,2021.0,,7.0,amd,2000.0,DDR4,,"AMD Radeon RX Vega 8 (R4000/5000, 15W)",,16384.0,
https://laptopmedia.com/processor/intel-core-i7-1365u/,intel core i7-1365u,138.0,1.3,5.2,10.0,12.0,15.0,100.0,2023.0,Raptor Lake-U,10.0,,1300.0,DDR5,,Intel Iris Xe Graphics G7 (96EU),,12.0,
https://laptopmedia.com/processor/intel-core-7-150u/,intel core 7 150u,139.0,1.2,5.4,10.0,12.0,15.0,100.0,2024.0,Raptor Lake-U Refresh,10.0,intel,,DDR5,96.0,Intel Iris Xe Graphics G7 (96EU),,12.0,
https://laptopmedia.com/processor/amd-ryzen-5-5600h/,amd ryzen 5 5600h,140.0,3.3,4.2,6.0,12.0,45.0,105.0,2021.0,,7.0,amd,1700.0,DDR4,,"AMD Radeon RX Vega 7 (R4000/5000, 35/45W)",,16384.0,
https://laptopmedia.com/processor/amd-ryzen-5-5600hs/,amd ryzen 5 5600hs,141.0,3.0,4.2,6.0,12.0,35.0,105.0,2021.0,,7.0,amd,,DDR4,,"AMD Radeon RX Vega 7 (R4000/5000, 35/45W)",1800.0,16384.0,
https://laptopmedia.com/processor/intel-core-i9-10885h/,intel core i9-10885h,142.0,2.4,5.3,8.0,16.0,45.0,100.0,,Comet Lake-H,14.0,,,DDR4,128.0,Intel UHD Graphics 630,,16384.0,
https://laptopmedia.com/processor/intel-core-i7-1270p/,intel core i7-1270p,143.0,1.6,4.8,12.0,16.0,28.0,100.0,2022.0,Alder Lake-P,10.0,intel,1400.0,DDR5,64.0,Intel Iris Xe Graphics G7 (96EU),400.0,18432.0,
https://laptopmedia.com/processor/amd-ryzen-5-pro-7530u/,amd ryzen 5 pro 7530u,144.0,2.0,4.5,6.0,12.0,15.0,95.0,2023.0,Barcelo-R,7.0,amd,2000.0,DDR4,64.0,"AMD Radeon RX Vega 7 (R4000/5000, 15W)",,19456.0,
https://laptopmedia.com/processor/apple-m1-pro-8-core/,apple m1 pro (8-core),145.0,0.0,3.2,8.0,8.0,30.0,,2021.75,Apple M1 Pro,5.0,apple,,DDR5,32.0,Apple M1 Pro GPU (14-core),1296.0,28672.0,"11.0"
https://laptopmedia.com/processor/amd-ryzen-7-4980u/,amd ryzen 7 4980u,146.0,2.0,4.4,8.0,16.0,15.0,105.0,2021.25,,7.0,,1750.0,DDR4,,"AMD Radeon RX Vega 8 (R4000/5000, 15W)",,8192.0,
https://laptopmedia.com/processor/intel-core-i7-1355u/,intel core i7-1355u,147.0,1.2,5.0,10.0,12.0,15.0,100.0,2023.0,Raptor Lake-U,10.0,,1300.0,DDR5,,Intel Iris Xe Graphics G7 (96EU),,12.0,
https://laptopmedia.com/processor/intel-core-i5-11260h/,intel core i5-11260h,148.0,2.6,4.4,6.0,12.0,45.0,100.0,2021.25,Tiger Lake-H45,10.0,intel,1400.0,DDR4,128.0,Intel UHD Graphics Xe 750 (32EU),350.0,12228.0,
https://laptopmedia.com/processor/intel-core-i5-1345u/,intel core i5-1345u,149.0,1.2,4.7,10.0,12.0,15.0,100.0,2023.0,Raptor Lake-U,10.0,,1250.0,DDR5,,Intel Iris Xe Graphics G7 (80EU),,12.0,
https://laptopmedia.com/processor/amd-ryzen-3-8440u/,amd ryzen 3 8440u,150.0,3.0,4.7,4.0,8.0,28.0,100.0,2023.75,Hawk Point,4.0,amd,2500.0,DDR5,,AMD Radeon 740M,1500.0,8.0,
https://laptopmedia.com/processor/amd-ryzen-7-5700u/,amd ryzen 7 5700u,151.0,1.8,4.3,8.0,16.0,15.0,105.0,2021.0,,7.0,amd,1900.0,DDR4,,"AMD Radeon RX Vega 8 (R4000/5000, 15W)",,12288.0,
https://laptopmedia.com/processor/intel-core-i5-11500h/,intel core i5-11500h,152.0,0.0,4.6,6.0,12.0,45.0,100.0,2021.25,Tiger Lake-H45,10.0,,1450.0,DDR4,,Intel UHD Graphics Xe 750 (32EU),350.0,12288.0,
https://laptopmedia.com/processor/intel-core-i3-1220p/,intel core i3-1220p,153.0,1.1,4.4,10.0,12.0,28.0,100.0,2022.0,Alder Lake-P,10.0,intel,1100.0,DDR5,64.0,"Intel UHD Graphics (Alder Lake, 64EU)",,12288.0,
https://laptopmedia.com/processor/amd-ryzen-5-4600hs/,amd ryzen 5 4600hs,154.0,3.0,4.0,6.0,12.0,35.0,105.0,2020.0,,7.0,,1500.0,DDR4,,"AMD Radeon RX Vega 6 (R4000/5000, 35/45W)",,8192.0,
https://laptopmedia.com/processor/amd-ryzen-5-pro-6650u/,amd ryzen 5 pro 6650u,155.0,2.9,4.5,6.0,12.0,15.0,95.0,2022.25,,6.0,amd,1900.0,DDR5,64.0,AMD Radeon 660M,,19456.0,
https://laptopmedia.com/processor/apple-m2-10-core-gpu/,apple m2 (10-core cpu),156.0,0.0,0.0,8.0,8.0,,,2022.25,Apple M2,5.0,apple,,DDR5,24.0,Apple M2 GPU (10-core),,,"15.0"
https://laptopmedia.com/processor/intel-core-i7-10870h/,intel core i7-10870h,157.0,2.2,5.0,8.0,16.0,35.0,100.0,2020.5,Comet Lake-H,14.0,intel,1200.0,DDR4,128.0,Intel UHD Graphics 630,350.0,16384.0,
https://laptopmedia.com/processor/intel-core-i5-11400h/,intel core i5-11400h,158.0,2.2,4.5,6.0,12.0,45.0,100.0,2021.25,Tiger Lake-H45,10.0,intel,1450.0,DDR4,128.0,Intel UHD Graphics Xe 750 (16EU),350.0,12288.0,
https://laptopmedia.com/processor/amd-ryzen-5-4600h/,amd ryzen 5 4600h,159.0,3.0,4.0,6.0,12.0,35.0,105.0,2020.0,,7.0,amd,1500.0,DDR4,64.0,"AMD Radeon RX Vega 6 (R4000/5000, 35/45W)",,8192.0,
https://laptopmedia.com/processor/amd-ryzen-5-7530u/,amd ryzen 5 7530u,160.0,2.0,4.5,6.0,12.0,15.0,95.0,2023.0,Barcelo-R,7.0,amd,2000.0,DDR4,64.0,"AMD Radeon RX Vega 7 (R4000/5000, 15W)",,19456.0,
https://laptopmedia.com/processor/apple-m2-8-core-gpu/,apple m2 (8-core cpu),161.0,0.0,0.0,8.0,8.0,,,2022.25,Apple M2,5.0,apple,,DDR5,24.0,Apple M2 GPU (8-core),,,"15.0"
https://laptopmedia.com/processor/intel-core-5-120u/,intel core 5 120u,162.0,0.9,5.0,10.0,12.0,15.0,100.0,2024.0,Raptor Lake-U Refresh,10.0,intel,1250.0,DDR5,96.0,Intel Iris Xe Graphics G7 (80EU),,12.0,
https://laptopmedia.com/processor/intel-core-i5-1335u/,intel core i5-1335u,163.0,0.9,4.6,10.0,12.0,15.0,100.0,2023.0,Raptor Lake-U,10.0,,1250.0,DDR5,,Intel Iris Xe Graphics G7 (80EU),,12.0,
https://laptopmedia.com/processor/intel-core-i5-10500h/,intel core i5-10500h,164.0,2.5,4.5,6.0,12.0,45.0,100.0,2020.0,Comet Lake-H,14.0,,1050.0,DDR4,,Intel UHD Graphics 630,350.0,12288.0,
https://laptopmedia.com/processor/intel-core-i5-10400h/,intel core i5-10400h,165.0,2.6,4.6,4.0,8.0,35.0,100.0,2020.25,Comet Lake-H,14.0,intel,1100.0,DDR4,128.0,Intel UHD Graphics 630,350.0,8192.0,
https://laptopmedia.com/processor/intel-core-i5-1245u/,intel core i5-1245u,166.0,1.2,4.4,10.0,12.0,15.0,100.0,2022.0,Alder Lake-U,10.0,intel,1200.0,DDR5,64.0,Intel Iris Xe Graphics G7 (80EU),,12288.0,
https://laptopmedia.com/processor/intel-core-i7-1265u/,intel core i7-1265u,167.0,1.3,4.8,10.0,12.0,15.0,100.0,2022.0,Alder Lake-U,10.0,intel,1250.0,DDR5,64.0,Intel Iris Xe Graphics G7 (96EU),400.0,12288.0,
https://laptopmedia.com/processor/amd-ryzen-7-pro-4750u/,amd ryzen 7 pro 4750u,168.0,1.7,4.1,8.0,16.0,10.0,105.0,2020.25,,7.0,amd,1600.0,DDR4,,"AMD Radeon RX Vega 7 (R4000/5000, 15W)",,8192.0,
https://laptopmedia.com/processor/amd-ryzen-5-4600u-2/,amd ryzen 5 4600u,169.0,2.1,4.0,6.0,12.0,15.0,105.0,2020.0,,7.0,amd,1500.0,DDR4,32.0,"AMD Radeon RX Vega 6 (R4000/5000, 15W)",,8192.0,
https://laptopmedia.com/processor/amd-ryzen-5-5625u/,amd ryzen 5 5625u,170.0,2.3,4.3,6.0,12.0,15.0,95.0,2022.0,,6.0,amd,,DDR4,,"AMD Radeon RX Vega 7 (R4000/5000, 15W)",,19456.0,
https://laptopmedia.com/processor/intel-core-i5-1240u/,intel core i5-1240u,171.0,0.8,4.4,10.0,12.0,9.0,100.0,2022.0,Alder Lake-U,10.0,intel,900.0,DDR5,64.0,Intel Iris Xe Graphics G7 (80EU),,12288.0,
https://laptopmedia.com/processor/intel-core-i7-1255u/,intel core i7-1255u,172.0,1.2,4.7,10.0,12.0,15.0,100.0,2022.0,Alder Lake-U,10.0,intel,1250.0,DDR5,64.0,Intel Iris Xe Graphics G7 (96EU),400.0,12288.0,
https://laptopmedia.com/processor/intel-core-i5-1235u/,intel core i5-1235u,173.0,0.9,4.4,10.0,12.0,15.0,100.0,2022.0,Alder Lake-U,10.0,intel,1200.0,DDR5,64.0,Intel Iris Xe Graphics G7 (80EU),400.0,12288.0,
https://laptopmedia.com/processor/apple-m1/,apple m1,174.0,2.06,3.2,8.0,8.0,10.0,,2020.75,Apple M-Series,5.0,apple,,DDR4,16.0,Apple M1 GPU (8-core),1278.0,16384.0,
https://laptopmedia.com/processor/amd-ryzen-5-5600u/,amd ryzen 5 5600u,175.0,2.3,4.2,6.0,12.0,15.0,105.0,2021.0,,7.0,amd,1800.0,DDR4,,"AMD Radeon RX Vega 7 (R4000/5000, 15W)",400.0,19456.0,
https://laptopmedia.com/processor/intel-core-i7-1260u/,intel core i7-1260u,176.0,0.8,4.7,10.0,12.0,9.0,100.0,2022.0,Alder Lake-U,10.0,intel,950.0,DDR5,64.0,Intel Iris Xe Graphics G7 (96EU),,12288.0,
https://laptopmedia.com/processor/intel-core-i5-1250p/,intel core i5-1250p,177.0,1.2,4.4,12.0,16.0,28.0,100.0,2022.0,Alder Lake-P,10.0,intel,1400.0,DDR5,64.0,Intel Iris Xe Graphics G7 (80EU),400.0,12288.0,
https://laptopmedia.com/processor/intel-core-i7-10750h/,intel core i7-10750h,178.0,2.6,5.0,6.0,12.0,45.0,105.0,2020.25,Comet Lake-H,14.0,intel,1150.0,DDR4,128.0,Intel UHD Graphics 630,350.0,12288.0,
https://laptopmedia.com/processor/amd-ryzen-7-4700u/,amd ryzen 7 4700u,179.0,2.0,4.1,8.0,8.0,15.0,105.0,2020.0,,7.0,amd,1600.0,DDR4,32.0,"AMD Radeon RX Vega 7 (R4000/5000, 15W)",,8192.0,
https://laptopmedia.com/processor/amd-ryzen-5-4680u/,amd ryzen 5 4680u,180.0,2.1,4.0,6.0,12.0,15.0,105.0,2021.25,,7.0,,1600.0,DDR4,,"AMD Radeon RX Vega 6 (R4000/5000, 15W)",,8192.0,
https://laptopmedia.com/processor/amd-ryzen-5-5500u/,amd ryzen 5 5500u,181.0,2.1,4.0,6.0,12.0,15.0,105.0,2012.0,,7.0,amd,1800.0,DDR4,,"AMD Radeon RX Vega 7 (R4000/5000, 15W)",,11264.0,
https://laptopmedia.com/processor/amd-ryzen-5-pro-5675u/,amd ryzen 5 pro 5675u,182.0,2.3,4.3,6.0,12.0,15.0,95.0,2022.0,,7.0,amd,1800.0,DDR4,,"AMD Radeon RX Vega 7 (R4000/5000, 15W)",,19.0,
https://laptopmedia.com/processor/intel-xeon-w-10885m/,intel xeon w-10885m,183.0,2.4,5.3,8.0,16.0,45.0,100.0,2020.25,Comet Lake,14.0,intel,1250.0,DDR4,128.0,Intel UHD Graphics P630,350.0,16384.0,
https://laptopmedia.com/processor/intel-core-i7-1250u/,intel core i7-1250u,184.0,0.8,4.7,10.0,12.0,9.0,100.0,2022.0,Alder Lake-U,10.0,intel,950.0,DDR5,64.0,Intel Iris Xe Graphics G7 (96EU),,12288.0,
https://laptopmedia.com/processor/amd-ryzen-5-5650u/,amd ryzen 5 5650u,185.0,2.3,4.2,6.0,12.0,15.0,105.0,2021.0,,7.0,,1800.0,DDR4,,"AMD Radeon RX Vega 7 (R4000/5000, 15W)",,12288.0,
https://laptopmedia.com/processor/intel-core-i7-11370h/,intel core i7-11370h,186.0,3.3,4.8,4.0,8.0,35.0,100.0,2021.0,Tiger Lake-H35,10.0,intel,1350.0,DDR4,64.0,Intel Iris Xe Graphics G7 (96EU),400.0,12288.0,
https://laptopmedia.com/processor/intel-core-i7-11375h/,intel core i7-11375h,187.0,3.3,5.0,4.0,8.0,35.0,100.0,2021.0,Tiger Lake-H35,10.0,intel,1350.0,DDR4,64.0,Intel Iris Xe Graphics G7 (96EU),400.0,12288.0,
https://laptopmedia.com/processor/amd-ryzen-5-pro-4650u/,amd ryzen 5 pro 4650u,188.0,2.1,4.0,6.0,12.0,10.0,105.0,2020.25,,7.0,amd,1500.0,DDR4,,"AMD Radeon RX Vega 6 (R4000/5000, 15W)",,8192.0,
https://laptopmedia.com/processor/intel-core-3-100u/,intel core 3 100u,189.0,0.9,4.7,6.0,8.0,15.0,100.0,2024.0,Raptor Lake-U Refresh,10.0,intel,1250.0,DDR5,96.0,"Intel UHD Graphics (Alder Lake, 64EU)",,12.0,
https://laptopmedia.com/processor/amd-ryzen-3-7330u/,amd ryzen 3 7330u,190.0,2.3,4.3,4.0,8.0,15.0,95.0,2023.0,Barcelo-R,7.0,amd,1800.0,DDR4,64.0,"AMD Radeon RX Vega 6 (R4000/5000, 15W)",,10240.0,
https://laptopmedia.com/processor/intel-core-i5-11300h/,intel core i5-11300h,191.0,3.1,4.4,4.0,8.0,35.0,100.0,2021.0,Tiger Lake-H35,10.0,intel,1300.0,DDR4,64.0,Intel Iris Xe Graphics G7 (80EU),400.0,8192.0,
https://laptopmedia.com/processor/intel-core-i5-11320h/,intel core i5-11320h,192.0,3.2,4.5,4.0,8.0,35.0,100.0,2021.5,Tiger Lake-H35 Refresh,10.0,intel,1350.0,DDR4,64.0,Intel Iris Xe Graphics G7 (96EU),400.0,8192.0,
https://laptopmedia.com/processor/amd-ryzen-3-5425u/,amd ryzen 3 5425u,193.0,2.7,4.1,4.0,8.0,15.0,95.0,2022.0,,6.0,,,DDR4,,"AMD Radeon RX Vega 6 (R4000/5000, 15W)",,10240.0,
https://laptopmedia.com/processor/intel-core-i7-11390h/,intel core i7-11390h,194.0,3.4,5.0,4.0,8.0,35.0,100.0,2021.5,Tiger Lake-H35 Refresh,10.0,intel,1400.0,DDR4,64.0,Intel Iris Xe Graphics G7 (96EU),400.0,12288.0,
https://laptopmedia.com/processor/intel-core-i5-1155g7/,intel core i5-1155g7,195.0,2.5,4.5,4.0,8.0,28.0,100.0,2021.25,Tiger Lake-U,10.0,intel,1350.0,DDR4,,Intel Iris Xe Graphics G7 (80EU),,8192.0,
https://laptopmedia.com/processor/intel-core-i7-1185g7/,intel core i7-1185g7,196.0,3.0,4.8,4.0,8.0,12.0,100.0,2020.5,Tiger Lake-UP3,10.0,,1350.0,DDR4,64.0,Intel Iris Xe Graphics G7 (96EU),400.0,12288.0,
https://laptopmedia.com/processor/intel-core-i7-1195g7/,intel core i7-1195g7,197.0,2.9,5.0,4.0,8.0,28.0,100.0,2021.25,Tiger Lake-U,10.0,intel,1400.0,DDR4,,Intel Iris Xe Graphics G7 (96EU),,12288.0,
https://laptopmedia.com/processor/intel-pentium-8505/,intel pentium 8505,198.0,0.9,4.4,5.0,6.0,15.0,100.0,2022.0,Alder Lake-U,10.0,intel,1100.0,DDR5,64.0,Intel UHD Graphics Xe G4 (48EU),350.0,8192.0,
https://laptopmedia.com/processor/intel-core-i5-10200h/,intel core i5-10200h,199.0,2.4,4.1,4.0,8.0,35.0,100.0,2020.5,Comet Lake-H,14.0,intel,1050.0,DDR4,128.0,Intel UHD Graphics 630,350.0,8192.0,
https://laptopmedia.com/processor/amd-ryzen-5-7520u/,amd ryzen 5 7520u,200.0,2.8,4.3,4.0,8.0,15.0,,2022.5,,6.0,amd,1900.0,DDR5,16.0,AMD Radeon 610M,,6144.0,
https://laptopmedia.com/processor/amd-ryzen-3-5300u/,amd ryzen 3 5300u,201.0,2.6,3.8,4.0,8.0,15.0,,2020.0,,7.0,,,,,"AMD Radeon RX Vega 6 (R4000/5000, 15W)",,6144.0,
https://laptopmedia.com/processor/intel-core-i3-1315u/,intel core i3-1315u,202.0,0.9,4.5,6.0,8.0,15.0,100.0,2023.0,Raptor Lake-U,10.0,,1250.0,DDR5,,"Intel UHD Graphics (Alder Lake, 64EU)",,10.0,
https://laptopmedia.com/processor/intel-core-i3-1215u/,intel core i3-1215u,203.0,0.9,4.4,6.0,8.0,15.0,100.0,2022.0,Alder Lake-U,10.0,intel,1100.0,DDR5,64.0,"Intel UHD Graphics (Alder Lake, 64EU)",,10240.0,
https://laptopmedia.com/processor/amd-ryzen-5-7520c/,amd ryzen 5 7520c,204.0,2.8,4.3,4.0,8.0,15.0,,2023.25,,6.0,amd,1900.0,DDR5,16.0,AMD Radeon 610M,,4096.0,
https://laptopmedia.com/processor/intel-core-i7-1165g7/,intel core i7-1165g7,205.0,2.8,4.4,4.0,8.0,12.0,100.0,2020.5,Tiger Lake-UP3,10.0,,1250.0,DDR4,64.0,Intel Iris Xe Graphics G7 (96EU),300.0,12288.0,
https://laptopmedia.com/processor/intel-core-i3-1125g4/,intel core i3-1125g4,206.0,2.0,3.7,4.0,8.0,12.0,100.0,2020.5,Tiger Lake-UP3,10.0,,1250.0,DDR4,64.0,Intel UHD Graphics Xe G4 (48EU),400.0,8192.0,
https://laptopmedia.com/processor/intel-core-i5-1135g7/,intel core i5-1135g7,207.0,2.4,4.2,4.0,8.0,12.0,100.0,2020.5,Tiger Lake-UP3,10.0,,1250.0,DDR4,64.0,Intel Iris Xe Graphics G7 (80EU),300.0,8192.0,
https://laptopmedia.com/processor/intel-core-i5-1230u/,intel core i5-1230u,208.0,0.7,4.4,10.0,12.0,9.0,100.0,2022.0,Alder Lake-U,10.0,intel,850.0,DDR5,64.0,Intel Iris Xe Graphics G7 (80EU),,12288.0,
https://laptopmedia.com/processor/amd-ryzen-3-7320u/,amd ryzen 3 7320u,209.0,2.4,4.1,4.0,8.0,15.0,,2022.5,,6.0,amd,1900.0,DDR5,16.0,AMD Radeon 610M,,6144.0,
https://laptopmedia.com/processor/intel-core-i5-1145g7/,intel core i5-1145g7,210.0,2.6,4.2,4.0,8.0,12.0,100.0,2020.5,Tiger Lake-UP3,10.0,,1300.0,DDR4,64.0,Intel Iris Xe Graphics G7 (80EU),400.0,12288.0,
https://laptopmedia.com/processor/intel-core-i7-10810u/,intel core i7-10810u,211.0,1.1,4.9,6.0,12.0,15.0,100.0,2020.25,Comet Lake,14.0,intel,1150.0,DDR4,64.0,Intel UHD Graphics,300.0,12288.0,
https://laptopmedia.com/processor/intel-core-i5-10300h/,intel core i5-10300h,212.0,2.5,4.5,4.0,8.0,35.0,105.0,2020.0,Comet Lake-H,14.0,intel,1050.0,DDR4,128.0,Intel UHD Graphics 630,350.0,8192.0,
https://laptopmedia.com/processor/intel-core-i3-n305/,intel core i3-n305,213.0,0.0,3.8,8.0,8.0,15.0,100.0,2023.0,Gracemont,10.0,,1250.0,DDR5,,Intel UHD Graphics Xe 750 (32EU),,6.0,
https://laptopmedia.com/processor/amd-ryzen-3-7320c/,amd ryzen 3 7320c,214.0,2.4,4.1,4.0,8.0,15.0,,2023.25,,6.0,amd,1900.0,DDR5,16.0,AMD Radeon 610M,,4096.0,
https://laptopmedia.com/processor/valve-steam-deck-amd-custom-apu-0405/,valve steam deck (amd custom apu 0405),215.0,2.4,3.5,4.0,8.0,15.0,100.0,2021.5,Aerith,7.0,,1600.0,DDR5,8.0,AMD Custom Radeon Graphics (Steam Deck),1000.0,4096.0,
https://laptopmedia.com/processor/intel-core-i3-1305u/,intel core i3-1305u,216.0,1.2,4.5,5.0,6.0,15.0,100.0,2023.0,Raptor Lake-U,10.0,,1250.0,DDR5,,"Intel UHD Graphics (Alder Lake, 64EU)",,10.0,
https://laptopmedia.com/processor/intel-core-i7-1160g7/,intel core i7-1160g7,217.0,2.1,4.4,4.0,8.0,7.0,100.0,2020.5,Tiger Lake-UP4,10.0,,1100.0,DDR4,64.0,Intel Iris Xe Graphics G7 (96EU),400.0,12288.0,
https://laptopmedia.com/processor/intel-u300/,intel processor u300,218.0,0.9,4.4,5.0,6.0,15.0,100.0,2023.0,Raptor Lake-U,10.0,,1100.0,DDR5,,Intel UHD Graphics Xe G4 (48EU),,8.0,
https://laptopmedia.com/processor/intel-core-i7-1180g7/,intel core i7-1180g7,219.0,2.2,4.6,4.0,8.0,7.0,100.0,2020.5,Tiger Lake-UP4,10.0,,1100.0,DDR4,64.0,Intel Iris Xe Graphics G7 (96EU),400.0,12288.0,
https://laptopmedia.com/processor/snapdragon-8cx-gen-3/,snapdragon 8cx gen 3,220.0,2.4,3.0,8.0,8.0,7.0,,2021.75,Snapdragon,5.0,qualcomm,,DDR4,,Qualcomm Adreno 690,,,"15.0"
https://laptopmedia.com/processor/amd-ryzen-3-4300u/,amd ryzen 3 4300u,221.0,2.7,3.7,4.0,4.0,15.0,105.0,2020.0,,7.0,amd,1400.0,DDR4,32.0,AMD Radeon RX Vega 5,,4096.0,
https://laptopmedia.com/processor/intel-core-i5-1035g1/,intel core i5-1035g1,222.0,1.0,3.6,4.0,8.0,15.0,100.0,2019.5,Ice Lake,10.0,intel,1050.0,DDR4,64.0,Intel UHD Graphics G1,300.0,6144.0,
https://laptopmedia.com/processor/intel-core-i5-1130g7/,intel core i5-1130g7,223.0,1.8,4.0,4.0,8.0,7.0,100.0,2020.5,Tiger Lake-UP4,10.0,,1100.0,DDR4,64.0,Intel Iris Xe Graphics G7 (80EU),400.0,8192.0,
https://laptopmedia.com/processor/intel-core-i3-1115g4/,intel core i3-1115g4,224.0,3.0,4.1,2.0,4.0,12.0,100.0,2020.5,Tiger Lake-UP3,10.0,intel,1250.0,DDR4,64.0,Intel UHD Graphics Xe G4 (48EU),400.0,6144.0,
https://laptopmedia.com/processor/amd-ryzen-5-3450u/,amd ryzen 5 3450u,225.0,2.1,3.5,4.0,8.0,15.0,105.0,,,12.0,amd,1100.0,DDR4,,"AMD Radeon RX Vega 8 (R2000/3000, 15W)",,4096.0,
https://laptopmedia.com/processor/intel-processor-n95/,intel processor n95,226.0,0.0,3.4,4.0,4.0,15.0,105.0,2023.0,Alder Lake-N,10.0,intel,1200.0,DDR5,16.0,Intel UHD Graphics Xe 750 (16EU),,6144.0,
https://laptopmedia.com/processor/intel-core-i5-1140g7/,intel core i5-1140g7,227.0,2.2,4.6,4.0,8.0,7.0,100.0,2020.5,Tiger Lake-UP4,10.0,,1100.0,DDR4,64.0,Intel Iris Xe Graphics G7 (80EU),400.0,12288.0,
https://laptopmedia.com/processor/intel-pentium-gold-7505/,intel pentium gold 7505,228.0,2.0,3.5,2.0,4.0,16.0,100.0,2020.5,Tiger Lake-UP3,10.0,intel,1250.0,DDR4,64.0,"Intel UHD Graphics Xe G4 (Tiger Lake, 48EU)",400.0,4096.0,
https://laptopmedia.com/processor/intel-core-i3-n300/,intel core i3-n300,229.0,0.0,3.8,8.0,8.0,7.0,100.0,2023.0,Gracemont,10.0,,1250.0,DDR5,,Intel UHD Graphics Xe 750 (32EU),,6.0,
https://laptopmedia.com/processor/amd-athlon-gold-7220u/,amd athlon gold 7220u,230.0,2.4,3.7,2.0,4.0,15.0,,2023.0,Mendocino,6.0,amd,1900.0,DDR5,16.0,AMD Radeon 610M,,5120.0,
https://laptopmedia.com/processor/intel-processor-n100/,intel processor n100,231.0,0.0,3.4,4.0,4.0,6.0,100.0,2023.0,Gracemont,10.0,,750.0,DDR5,,Intel UHD Graphics Xe (24EU),,6.0,
https://laptopmedia.com/processor/intel-celeron-n5095a/,intel celeron n5095a,232.0,2.0,2.9,4.0,4.0,15.0,105.0,2021.0,Jasper Lake,10.0,intel,750.0,DDR4,16.0,Intel UHD Graphics (Jasper Lake 16 EU),450.0,4096.0,
https://laptopmedia.com/processor/intel-celeron-n5095/,intel celeron n5095,233.0,2.0,2.9,4.0,4.0,15.0,105.0,2021.0,Jasper Lake,10.0,intel,750.0,DDR4,16.0,Intel UHD Graphics (Jasper Lake 16 EU),450.0,4096.0,
https://laptopmedia.com/processor/intel-core-i5-10210u/,intel core i5-10210u,234.0,1.6,4.2,4.0,8.0,15.0,100.0,2019.5,Comet Lake,14.0,intel,1100.0,DDR4,64.0,Intel UHD Graphics,300.0,6144.0,
https://laptopmedia.com/processor/intel-celeron-n5105/,intel celeron n5105,235.0,2.0,2.9,4.0,4.0,10.0,105.0,2021.0,Jasper Lake,10.0,intel,800.0,DDR4,16.0,Intel UHD Graphics (Jasper Lake 24 EU),450.0,4096.0,
https://laptopmedia.com/processor/amd-ryzen-3-pro-4450u/,amd ryzen 3 pro 4450u,236.0,2.5,3.7,4.0,8.0,10.0,105.0,2020.25,,7.0,amd,1400.0,DDR4,,AMD Radeon RX Vega 5,,4096.0,
https://laptopmedia.com/processor/intel-core-i3-1005-g1/,intel core i3-1005g1,237.0,1.2,3.4,2.0,4.0,15.0,100.0,2019.25,Ice Lake-U,10.0,intel,900.0,DDR4,64.0,Intel UHD Graphics G1,300.0,4096.0,
https://laptopmedia.com/processor/intel-core-i3-1110g4/,intel core i3-1110g4,238.0,2.5,3.9,2.0,4.0,7.0,100.0,2020.5,Tiger Lake-UP4,10.0,intel,1100.0,DDR4,64.0,Intel Iris Xe Graphics G4,400.0,6144.0,
https://laptopmedia.com/processor/amd-ryzen-3-3250u/,amd ryzen 3 3250u,239.0,2.6,3.5,2.0,4.0,15.0,95.0,2020.0,,14.0,amd,1200.0,DDR4,,AMD Radeon RX Vega 3,,4096.0,
https://laptopmedia.com/processor/intel-core-i5-l16g7/,intel core i5-l16g7,240.0,1.4,3.0,5.0,5.0,7.0,100.0,2020.25,Lakefield,10.0,intel,500.0,DDR4,32.0,Intel Iris Plus Graphics G7,200.0,4096.0,
https://laptopmedia.com/processor/intel-pentium-silver-n6000/,intel pentium silver n6000,241.0,1.1,3.1,4.0,4.0,6.0,105.0,2021.0,Jasper Lake,10.0,,850.0,DDR4,32.0,Intel UHD Graphics (Jasper Lake 32 EU),350.0,4096.0,
https://laptopmedia.com/processor/intel-celeron-j4125/,intel celeron j4125,242.0,2.0,2.7,4.0,4.0,10.0,105.0,2022.0,Gemini Lake Refresh,14.0,intel,750.0,DDR4,8.0,Intel UHD Graphics 600,250.0,4096.0,
https://laptopmedia.com/processor/intel-pentium-silver-n5030/,intel pentium silver n5030,243.0,1.1,3.1,4.0,4.0,6.0,105.0,2019.5,Gemini Lake Refresh,14.0,intel,750.0,DDR4,8.0,Intel UHD Graphics 605,200.0,4096.0,
https://laptopmedia.com/processor/intel-celeron-7305/,intel celeron 7305,244.0,0.9,1.1,5.0,5.0,15.0,100.0,2022.0,Alder Lake-U,10.0,intel,1100.0,DDR5,64.0,Intel UHD Graphics Xe G4 (48EU),350.0,8192.0,
https://laptopmedia.com/processor/intel-processor-n200/,intel processor n200,245.0,0.0,3.7,4.0,4.0,6.0,100.0,2023.0,Gracemont,10.0,,750.0,DDR5,,Intel UHD Graphics Xe 750 (32EU),,6.0,
https://laptopmedia.com/processor/intel-celeron-n4120/,intel celeron n4120,246.0,1.1,2.6,4.0,4.0,6.0,105.0,2019.5,Gemini Lake Refresh,14.0,intel,700.0,DDR4,8.0,Intel UHD Graphics 600,200.0,4096.0,
https://laptopmedia.com/processor/amd-athlon-silver-3050e/,amd athlon silver 3050e,247.0,0.0,2.8,2.0,4.0,6.0,105.0,2020.25,Raven Ridge,14.0,,1000.0,DDR4,,AMD Radeon RX Vega 3,,4096.0,
https://laptopmedia.com/processor/intel-celeron-6305/,intel celeron 6305,248.0,1.8,0.0,2.0,2.0,15.0,100.0,2020.5,Tiger Lake-UP3,10.0,intel,1250.0,DDR4,64.0,Intel UHD Graphics Xe G1,400.0,4096.0,
https://laptopmedia.com/processor/qualcomm-snapdragon-7c-gen-2/,qualcomm snapdragon 7c gen 2,249.0,2550.0,0.0,8.0,8.0,,,2021.25,Kryo 468,8.0,qualcomm,,DDR4,,Qualcomm Adreno 618,,,
https://laptopmedia.com/processor/intel-celeron-n4500/,intel celeron n4500,250.0,1.1,2.8,2.0,2.0,6.0,100.0,2021.0,Jasper Lake,10.0,,750.0,DDR4,32.0,Intel UHD Graphics (Jasper Lake 16 EU),350.0,4096.0,
https://laptopmedia.com/processor/amd-3020e/,amd 3020e,251.0,1.2,2.6,2.0,2.0,6.0,105.0,2020.5,Raven Ridge,14.0,amd,1000.0,DDR4,,AMD Radeon RX Vega 3,,4096.0,
https://laptopmedia.com/processor/amd-athlon-silver-3050u-2/,amd athlon silver 3050u,252.0,2.3,3.2,2.0,2.0,15.0,95.0,2020.0,,14.0,amd,1100.0,,,AMD Radeon RX Vega 3,,4096.0,
https://laptopmedia.com/processor/intel-celeron-n4020/,intel celeron n4020,253.0,1.1,2.8,2.0,2.0,6.0,105.0,2019.5,Gemini Lake Refresh,14.0,intel,650.0,DDR4,8.0,Intel UHD Graphics 600,200.0,4096.0,
https://laptopmedia.com/processor/intel-celeron-n5100/,intel celeron n5100,254.0,1.1,2.8,4.0,4.0,6.0,100.0,2021.0,Jasper Lake,10.0,,800.0,DDR4,32.0,Intel UHD Graphics (Jasper Lake 24 EU),350.0,4096.0,
https://laptopmedia.com/processor/intel-celeron-n3350/,intel celeron n3350,255.0,1.1,2.4,2.0,2.0,6.0,105.0,2016.5,Apollo Lake,14.0,intel,650.0,DDR3,8.0,Intel HD Graphics 500 (Apollo Lake),200.0,2048.0,
https://laptopmedia.com/processor/amd-a4-9120e/,amd a4-9120e,256.0,1.5,2.2,2.0,2.0,6.0,90.0,,Stoney Ridge,28.0,,,DDR4,,AMD Radeon R3 (Beema),,1024.0,
