gpu_link,name,Ranking,Manufacturing process,Architecture,Base Frequency,Memory Type,Memory Frequency,Memory Bandwidth,Released,Power Consumption,Cores,Max Frequency,Memory Capacity,Memory Bus,Drivers,AI Cores,AI Performance
https://laptopmedia.com/video-card/nvidia-geforce-rtx-4090-laptop-175w/,"nvidia geforce rtx 4090 (laptop, 175w)",1,4,Ada Lovelace,1455,DDR6,20000,,2023.0,175.0,9728,2040,16,256,nvidia,,
https://laptopmedia.com/video-card/nvidia-geforce-rtx-4080-laptop-175w/,"nvidia geforce rtx 4080 (laptop, 175w)",2,4,Ada Lovelace,1350,DDR6,20000,,2023.0,175.0,7424,2280,12,192,nvidia,,
https://laptopmedia.com/video-card/nvidia-geforce-rtx-4090-laptop-150w/,"nvidia geforce rtx 4090 (laptop, 150w)",3,4,Ada Lovelace,930,DDR6,2250,582,2023.0,150.0,9728,1455,16,256,nvidia,,
https://laptopmedia.com/video-card/nvidia-geforce-rtx-4090-laptop-125w/,"nvidia geforce rtx 4090 (laptop, 125w)",4,4,Ada Lovelace,1455,DDR6,20000,,2023.0,125.0,9728,2040,16,256,nvidia,,
https://laptopmedia.com/video-card/amd-radeon-rx-7800m-xt/,amd radeon rx 7800m xt,5,,,,DDR6,,,2023.25,165.0,3840,,16,,,,
https://laptopmedia.com/video-card/nvidia-geforce-rtx-4090-laptop-115w/,"nvidia geforce rtx 4090 (laptop, 115w)",6,4,Ada Lovelace,1455,DDR6,20000,,2023.0,115.0,9728,1970,16,256,nvidia,,
https://laptopmedia.com/video-card/nvidia-geforce-rtx-4080-laptop-140w/,"nvidia geforce rtx 4080 (laptop, 140w)",7,4,Ada Lovelace,1350,DDR6,20000,,2023.0,140.0,7424,2280,12,192,nvidia,,
https://laptopmedia.com/video-card/nvidia-geforce-rtx-4080-laptop-145w/,"nvidia geforce rtx 4080 (laptop, 145w)",8,4,Ada Lovelace,1350,DDR6,20000,,2023.0,145.0,7424,2280,12,192,nvidia,,
https://laptopmedia.com/video-card/nvidia-rtx-5000-ada-generation/,nvidia rtx 5000 ada generation (laptop),9,5,Ada Lovelace,1425,DDR6,2250,576,2023.0,175.0,9728,2115,16,256,nvidia,304,"341"
https://laptopmedia.com/video-card/nvidia-rtx-5000-ada-generation-105w/,nvidia rtx 5000 ada generation (105w),10,5,Ada Lovelace,1425,DDR6,2250,576,2023.0,105.0,9728,2115,16,256,nvidia,,
https://laptopmedia.com/video-card/nvidia-geforce-rtx-4080-laptop-105w/,"nvidia geforce rtx 4080 (laptop, 105w)",11,4,Ada Lovelace,1350,DDR6,20000,,2023.0,105.0,7424,2280,12,192,nvidia,,
https://laptopmedia.com/video-card/nvidia-rtx-5000-ada-generation-95w/,nvidia rtx 5000 ada generation (95w),12,5,Ada Lovelace,1425,DDR6,2250,576,2023.0,95.0,9728,2115,16,256,nvidia,,
https://laptopmedia.com/video-card/nvidia-rtx-4000-ada-generation/,nvidia rtx 4000 ada generation (laptop),13,5,Ada Lovelace,1290,DDR6,2250,432,2023.0,175.0,7424,1665,12,192,nvidia,232,"258"
https://laptopmedia.com/video-card/nvidia-geforce-rtx-4080-laptop-80w/,"nvidia geforce rtx 4080 (laptop, 80w)",14,4,Ada Lovelace,1350,DDR6,20000,,2023.0,80.0,7424,2280,12,192,nvidia,,
https://laptopmedia.com/video-card/nvidia-geforce-rtx-4080-laptop-115w/,"nvidia geforce rtx 4080 (laptop, 115w)",15,4,Ada Lovelace,1350,DDR6,20000,,2023.0,115.0,7424,2280,12,192,nvidia,,
https://laptopmedia.com/video-card/nvidia-geforce-rtx-3080-ti-laptop-175w/,"nvidia geforce rtx 3080 ti (laptop, 175w)",16,8,GA103,975,DDR6,14000,,2022.0,175.0,7424,1640,16,256,nvidia,,
https://laptopmedia.com/video-card/nvidia-geforce-rtx-4070-laptop-125w/,"nvidia geforce rtx 4070 (laptop, 125w)",17,4,Ada Lovelace,1230,DDR6,16000,,2023.0,125.0,4608,2175,8,128,nvidia,,
https://laptopmedia.com/video-card/nvidia-rtx-3500-ada-generation/,nvidia rtx 3500 ada generation (laptop),18,5,Ada Lovelace,1290,DDR6,2250,432,2023.0,140.0,5120,1665,12,192,nvidia,160,"127"
https://laptopmedia.com/video-card/nvidia-geforce-rtx-3080-ti-laptop-150w/,"nvidia geforce rtx 3080 ti (laptop, 150w)",19,8,GA103,975,DDR6,14000,,2022.0,150.0,7424,1505,16,256,nvidia,,
https://laptopmedia.com/video-card/nvidia-geforce-rtx-4070-laptop-140w/,"nvidia geforce rtx 4070 (laptop, 140w)",20,4,Ada Lovelace,2070,DDR6,2000,256,2023.0,140.0,4608,2175,8,128,nvidia,,
https://laptopmedia.com/video-card/nvidia-geforce-rtx-4070-laptop-110w/,"nvidia geforce rtx 4070 (laptop, 110w)",21,4,Ada Lovelace,1495,DDR6,1975,253,2023.0,110.0,4608,1795,8,128,nvidia,,
https://laptopmedia.com/video-card/nvidia-geforce-rtx-4070-laptop-115w/,"nvidia geforce rtx 4070 (laptop, 115w)",22,4,Ada Lovelace,1230,DDR6,16000,,2023.0,115.0,4608,2175,8,128,nvidia,,
https://laptopmedia.com/video-card/nvidia-geforce-rtx-3080-laptop-165w/,"nvidia geforce rtx 3080 (laptop, 165w)",23,8,GA104,1350,DDR6,1750,448,2021.0,165.0,6144,1710,16,256,nvidia,,
https://laptopmedia.com/video-card/nvidia-geforce-rtx-4070-laptop-120w/,"nvidia geforce rtx 4070 (laptop, 120w)",24,4,Ada Lovelace,1230,DDR6,16000,,2023.0,120.0,4608,2175,8,128,nvidia,,
https://laptopmedia.com/video-card/nvidia-geforce-rtx-4070-laptop-100w/,"nvidia geforce rtx 4070 (laptop, 100w)",25,4,Ada Lovelace,1230,DDR6,16000,,2023.0,100.0,4608,2175,8,128,nvidia,,
https://laptopmedia.com/video-card/nvidia-geforce-rtx-3080-laptop-150w/,"nvidia geforce rtx 3080 (laptop, 150w)",26,8,GA104,1185,DDR6,1750,448,2021.0,150.0,6144,1605,16,256,nvidia,,
https://laptopmedia.com/video-card/nvidia-geforce-rtx-4070-laptop-130w/,"nvidia geforce rtx 4070 (laptop, 130w)",27,4,Ada Lovelace,1230,DDR6,16000,,2023.0,130.0,4608,2175,8,128,nvidia,,
https://laptopmedia.com/video-card/nvidia-geforce-rtx-3080-ti-laptop-130w/,"nvidia geforce rtx 3080 ti (laptop, 130w)",28,8,GA103S,975,DDR6,2000,512,2022.0,130.0,7424,1500,16,256,nvidia,,
https://laptopmedia.com/video-card/nvidia-geforce-rtx-3080-ti-laptop/,nvidia geforce rtx 3080 ti (laptop),29,8,GA103,975,DDR6,14000,,2022.0,165.0,7424,1590,16,256,nvidia,232,"189"
https://laptopmedia.com/video-card/nvidia-rtx-3000-ada-generation/,nvidia rtx 3000 ada generation (laptop),30,5,Ada Lovelace,1395,DDR6,2000,256,2023.0,140.0,4608,1695,8,128,nvidia,144,"125"
https://laptopmedia.com/video-card/amd-radeon-rx-6850m-xt/,amd radeon rx 6850m xt,31,7,,,DDR6,18000,432,2022.0,165.0,2560,2463,12,192,amd,,
https://laptopmedia.com/video-card/nvidia-geforce-rtx-3070-ti-laptop-150w/,"nvidia geforce rtx 3070 ti (laptop, 150w)",32,8,GA104,915,DDR6,1750,448,2022.0,150.0,5888,1410,8,256,nvidia,,
https://laptopmedia.com/video-card/nvidia-geforce-rtx-4070-laptop/,nvidia geforce rtx 4070 (laptop),33,4,Ada Lovelace,1230,DDR6,16000,,2023.0,165.0,4608,2175,8,128,nvidia,144,"160"
https://laptopmedia.com/video-card/nvidia-geforce-rtx-4070-laptop-105w/,"nvidia geforce rtx 4070 (laptop, 105w)",34,4,Ada Lovelace,1230,DDR6,16000,,2023.0,105.0,4608,2175,8,128,nvidia,,
https://laptopmedia.com/video-card/nvidia-geforce-rtx-3080-laptop-140w/,"nvidia geforce rtx 3080 (laptop, 140w)",35,8,GA104,1185,DDR6,1750,448,2021.0,140.0,6144,1605,16,256,nvidia,,
https://laptopmedia.com/video-card/nvidia-geforce-rtx-4070-laptop-90w/,"nvidia geforce rtx 4070 (laptop, 90w)",36,4,Ada Lovelace,1230,DDR6,16000,,2023.0,90.0,4608,2175,8,128,nvidia,,
https://laptopmedia.com/video-card/amd-radeon-rx-6800m/,amd radeon rx 6800m,37,7,,2116,DDR6,2000,384,2021.25,145.0,2560,2300,12,192,amd,,
https://laptopmedia.com/video-card/nvidia-geforce-rtx-4070-laptop-95w/,"nvidia geforce rtx 4070 (laptop, 95w)",38,4,Ada Lovelace,735,DDR6,2000,259,2023.0,95.0,4608,1230,8,128,nvidia,,
https://laptopmedia.com/video-card/nvidia-geforce-rtx-3080-laptop-130w/,"nvidia geforce rtx 3080 (laptop, 130w)",39,8,GA104,1185,DDR6,1750,448,2021.0,130.0,6144,1605,16,256,nvidia,,
https://laptopmedia.com/video-card/nvidia-geforce-rtx-4060-laptop-125w/,"nvidia geforce rtx 4060 (laptop, 125w)",40,4,Ada Lovelace,1470,DDR6,16000,,2023.0,125.0,3072,2370,8,128,nvidia,,
https://laptopmedia.com/video-card/nvidia-geforce-rtx-3070-ti-laptop-140w/,"nvidia geforce rtx 3070 ti (laptop, 140w)",41,8,GA104,510,DDR6,1500,384,2022.0,140.0,5888,1200,8,256,nvidia,,
https://laptopmedia.com/video-card/nvidia-geforce-rtx-4070-laptop-80w/,"nvidia geforce rtx 4070 (laptop, 80w)",42,4,Ada Lovelace,735,DDR6,2000,259,2023.0,80.0,4608,1230,8,128,nvidia,,
https://laptopmedia.com/video-card/nvidia-geforce-rtx-4060-laptop-110w/,"nvidia geforce rtx 4060 (laptop, 110w)",43,4,Ada Lovelace,1620,DDR6,1975,253,2023.0,110.0,3072,2010,8,128,nvidia,,
https://laptopmedia.com/video-card/nvidia-geforce-rtx-4060-laptop-130w/,"nvidia geforce rtx 4060 (laptop, 130w)",44,4,Ada Lovelace,1470,DDR6,16000,,2023.0,130.0,3072,2370,8,128,nvidia,,
https://laptopmedia.com/video-card/nvidia-geforce-rtx-3080-laptop/,nvidia geforce rtx 3080 (laptop),45,8,GA104,1110,DDR6,1750,448,2021.0,165.0,6144,1545,16,256,nvidia,192,"168"
https://laptopmedia.com/video-card/intel-arc-a770m/,intel arc a770m,46,6,Alchemist,1650,DDR6,16000,512,2022.0,150.0,32,,16,256,intel,,
https://laptopmedia.com/video-card/nvidia-geforce-rtx-3080-ti-laptop-105w/,"nvidia geforce rtx 3080 ti (laptop, 105w)",47,8,GA103,975,DDR6,14000,,2022.0,105.0,7424,1175,16,256,nvidia,,
https://laptopmedia.com/video-card/nvidia-geforce-rtx-3070-laptop-140w/,"nvidia geforce rtx 3070 (laptop, 140w)",48,8,Ampere,1215,DDR6,1750,384,2021.0,140.0,5120,1720,8,256,nvidia,,
https://laptopmedia.com/video-card/nvidia-geforce-rtx-3070-laptop-130w/,"nvidia geforce rtx 3070 (laptop, 130w)",49,8,Ampere,1215,DDR6,1750,384,2021.0,130.0,5120,1620,8,256,nvidia,,
https://laptopmedia.com/video-card/nvidia-geforce-rtx-4060-laptop-115w/,"nvidia geforce rtx 4060 (laptop, 115w)",50,4,Ada Lovelace,1470,DDR6,16000,,2023.0,115.0,3072,2370,8,128,nvidia,,
https://laptopmedia.com/video-card/nvidia-geforce-rtx-4060-laptop-120w/,"nvidia geforce rtx 4060 (laptop, 120w)",51,4,Ada Lovelace,1470,DDR6,16000,,2023.0,120.0,3072,2370,8,128,nvidia,,
https://laptopmedia.com/video-card/nvidia-geforce-rtx-4060-laptop-140w/,"nvidia geforce rtx 4060 (laptop, 140w)",52,4,Ada Lovelace,1920,DDR6,2000,256,2023.0,140.0,3072,2250,8,128,nvidia,,
https://laptopmedia.com/video-card/nvidia-geforce-rtx-3070-ti-laptop/,nvidia geforce rtx 3070 ti (laptop),53,8,GA104,915,DDR6,14000,,2022.0,125.0,5888,1485,8,256,nvidia,184,"140"
https://laptopmedia.com/video-card/nvidia-rtx-a5500-laptop-130w/,"nvidia rtx a5500 (laptop, 130w)",54,8,GA103S,975,DDR6,2000,512,2022.0,130.0,7424,1500,16,256,nvidia,,
https://laptopmedia.com/video-card/nvidia-rtx-a5500-laptop/,nvidia rtx a5500 (laptop),55,8,GA103S,900,DDR6,2000,448,2022.0,165.0,7424,1575,16,256,nvidia,232,"198"
https://laptopmedia.com/video-card/nvidia-geforce-rtx-3080-laptop-100w/,"nvidia geforce rtx 3080 (laptop, 100w)",56,8,GA104,1110,DDR6,1750,448,2021.0,100.0,6144,1710,16,256,nvidia,,
https://laptopmedia.com/video-card/nvidia-geforce-rtx-3070-ti-laptop-130w/,"nvidia geforce rtx 3070 ti (laptop, 130w)",57,8,GA104,915,DDR6,1750,,2022.0,130.0,5888,1485,8,256,nvidia,,
https://laptopmedia.com/video-card/nvidia-geforce-rtx-2080-super-laptop/,nvidia geforce rtx 2080 super (laptop),58,12,TU104,1560,DDR6,14000,496,2020.25,200.0,3072,1740,8,256,nvidia,384,"153"
https://laptopmedia.com/video-card/amd-radeon-rx-7700s/,amd radeon rx 7700s,59,6,Navi 33,,DDR6,18000,288,2023.0,100.0,2048,2200,8,128,amd,,
https://laptopmedia.com/video-card/nvidia-geforce-rtx-4060-laptop/,nvidia geforce rtx 4060 (laptop),60,4,Ada Lovelace,1470,DDR6,16000,,2023.0,165.0,3072,2370,8,128,nvidia,96,"116"
https://laptopmedia.com/video-card/nvidia-geforce-rtx-3080-laptop-110w/,"nvidia geforce rtx 3080 (laptop, 110w)",61,8,GA104,780,DDR6,1750,384,2021.0,110.0,6144,1245,16,256,nvidia,,
https://laptopmedia.com/video-card/nvidia-geforce-rtx-4060-laptop-105w/,"nvidia geforce rtx 4060 (laptop, 105w)",62,4,Ada Lovelace,1470,DDR6,16000,,2023.0,105.0,3072,2370,8,128,nvidia,,
https://laptopmedia.com/video-card/intel-arc-a730m/,intel arc a730m,63,6,Alchemist,1100,DDR6,14000,336,2022.0,120.0,24,,12,192,intel,,
https://laptopmedia.com/video-card/nvidia-geforce-rtx-2080-laptop/,nvidia geforce rtx 2080 (laptop),64,12,TU104,1380,DDR6,14000,448,2019.0,150.0,2944,1590,8,256,nvidia,368,"150"
https://laptopmedia.com/video-card/nvidia-rtx-a5000-laptop/,nvidia rtx a5000 (laptop),65,8,GA102,,DDR6,,448,2021.25,165.0,6144,,16,256,nvidia,192,"174"
https://laptopmedia.com/video-card/nvidia-geforce-rtx-4060-laptop-90w/,"nvidia geforce rtx 4060 (laptop, 90w)",66,4,Ada Lovelace,1470,DDR6,16000,,2023.0,90.0,3072,2370,8,128,nvidia,,
https://laptopmedia.com/video-card/nvidia-geforce-rtx-3070-ti-laptop-100w/,"nvidia geforce rtx 3070 ti (laptop, 100w)",67,8,GA104,510,DDR6,1500,384,2022.0,100.0,5888,1200,8,256,nvidia,,
https://laptopmedia.com/video-card/nvidia-geforce-rtx-3070-ti-laptop-115w/,"nvidia geforce rtx 3070 ti (laptop, 115w)",68,8,GA104,510,DDR6,1500,384,2022.0,115.0,5888,1035,8,256,nvidia,,
https://laptopmedia.com/video-card/nvidia-geforce-rtx-2080-super-laptop-150w/,"nvidia geforce rtx 2080 super (laptop, 150w)",69,12,TU104,1365,DDR6,14000,448,2020.25,150.0,3072,1560,8,256,nvidia,,
https://laptopmedia.com/video-card/nvidia-rtx-a4000-laptop/,nvidia rtx a4000 (laptop),70,8,GA104,,DDR6,,384,2021.25,140.0,5120,,8,256,nvidia,160,"142"
https://laptopmedia.com/video-card/nvidia-geforce-rtx-3070-ti-laptop-105w/,"nvidia geforce rtx 3070 ti (laptop, 105w)",71,8,GA104,510,DDR6,1500,384,2022.0,105.0,5888,1035,8,256,nvidia,,
https://laptopmedia.com/video-card/nvidia-geforce-rtx-3080-laptop-95w/,"nvidia geforce rtx 3080 (laptop, 95w)",72,8,GA104,780,DDR6,1500,384,2021.0,95.0,6144,1245,16,256,nvidia,,
https://laptopmedia.com/video-card/nvidia-geforce-rtx-4060-laptop-80w/,"nvidia geforce rtx 4060 (laptop, 80w)",73,4,Ada Lovelace,1545,DDR6,2000,266,2023.0,80.0,3072,1890,8,128,nvidia,,
https://laptopmedia.com/video-card/nvidia-geforce-rtx-4070-laptop-65w/,"nvidia geforce rtx 4070 (laptop, 65w)",75,4,Ada Lovelace,735,DDR6,2000,259,2023.0,65.0,4608,1230,8,128,nvidia,,
https://laptopmedia.com/video-card/amd-radeon-rx-6700m/,amd radeon rx 6700m,74,7,,,DDR6,2000,320,2021.25,135.0,2304,2300,10,160,amd,,
https://laptopmedia.com/video-card/nvidia-geforce-rtx-3080-ti-laptop-165w/,"nvidia geforce rtx 3080 ti (laptop, 165w)",76,8,GA103,975,DDR6,14000,,2022.0,165.0,7424,1445,16,256,nvidia,,
https://laptopmedia.com/video-card/nvidia-geforce-rtx-3070-laptop-110w/,"nvidia geforce rtx 3070 (laptop, 110w)",77,8,Ampere,780,DDR6,1500,384,2021.0,110.0,5120,1290,8,256,nvidia,,
https://laptopmedia.com/video-card/nvidia-geforce-rtx-3070-laptop/,nvidia geforce rtx 3070 (laptop),78,8,Ampere,1215,DDR6,1750,448,2021.0,140.0,5120,1620,8,256,nvidia,160,"133"
https://laptopmedia.com/video-card/nvidia-geforce-rtx-3070-ti-laptop-120w/,"nvidia geforce rtx 3070 ti (laptop, 120w)",79,8,GA104,915,DDR6,14000,,2022.0,120.0,5888,1085,8,256,nvidia,,
https://laptopmedia.com/video-card/nvidia-geforce-rtx-4060-laptop-100w/,"nvidia geforce rtx 4060 (laptop, 100w)",80,4,Ada Lovelace,1470,DDR6,16000,,2023.0,100.0,3072,2370,8,128,nvidia,,
https://laptopmedia.com/video-card/nvidia-rtx-a4500-laptop-135w/,"nvidia rtx a4500 (laptop, 135w)",81,8,GA104,855,DDR6,2000,,2022.0,135.0,5888,1455,8,256,nvidia,,
https://laptopmedia.com/video-card/nvidia-geforce-rtx-4070-laptop-70w/,"nvidia geforce rtx 4070 (laptop, 70w)",82,4,Ada Lovelace,735,DDR6,2000,259,2023.0,70.0,4608,1230,8,128,nvidia,,
https://laptopmedia.com/video-card/nvidia-rtx-3000-ada-generation-60w/,nvidia rtx 3000 ada generation (60w),83,5,Ada Lovelace,1005,DDR6,2000,256,2023.0,60.0,4608,1635,8,128,nvidia,,
https://laptopmedia.com/video-card/nvidia-geforce-rtx-2080-super-max-q-90w/,nvidia geforce rtx 2080 super max-q (90w),84,12,TU104,975,DDR6,11000,352,2020.25,90.0,3072,1230,8,256,nvidia,,
https://laptopmedia.com/video-card/nvidia-geforce-rtx-4060-laptop-75w/,"nvidia geforce rtx 4060 (laptop, 75w)",85,4,Ada Lovelace,1470,DDR6,16000,,2023.0,75.0,3072,2370,8,128,nvidia,,
https://laptopmedia.com/video-card/nvidia-rtx-2000-ada-generation-80w/,nvidia rtx 2000 ada generation (80w),86,5,Ada Lovelace,1365,DDR6,2000,256,2023.0,80.0,3072,1785,8,128,nvidia,,
https://laptopmedia.com/video-card/amd-radeon-rx-7600s-95w/,amd radeon rx 7600s (95w),87,6,Navi 33,,DDR6,16000,256,2023.0,95.0,1792,1865,8,128,amd,,
https://laptopmedia.com/video-card/nvidia-geforce-rtx-3070-laptop-95w/,"nvidia geforce rtx 3070 (laptop, 95w)",88,8,Ampere,780,DDR6,1500,384,2021.0,95.0,5120,1290,8,256,nvidia,,
https://laptopmedia.com/video-card/amd-radeon-rx-7600s/,amd radeon rx 7600s,89,6,Navi 33,,DDR6,16000,256,2023.0,75.0,1792,1865,8,128,amd,,
https://laptopmedia.com/video-card/amd-radeon-rx-6800s/,amd radeon rx 6800s,90,7,Navi 22,,DDR6,16000,256,2022.0,100.0,2560,1975,12,128,amd,,
https://laptopmedia.com/video-card/nvidia-geforce-rtx-3070-laptop-105w/,"nvidia geforce rtx 3070 (laptop, 105w)",91,8,Ampere,1110,DDR6,1500,384,2021.0,105.0,5120,1620,8,256,nvidia,,
https://laptopmedia.com/video-card/nvidia-geforce-rtx-4050-laptop-95w/,"nvidia geforce rtx 4050 (laptop, 95w)",92,4,Ada Lovelace,1785,DDR6,2000,197,2023.0,95.0,2560,2130,6,96,nvidia,,
https://laptopmedia.com/video-card/nvidia-geforce-rtx-3070-laptop-100w/,"nvidia geforce rtx 3070 (laptop, 100w)",93,8,Ampere,780,DDR6,1500,384,2021.0,100.0,5120,1290,8,256,nvidia,,
https://laptopmedia.com/video-card/nvidia-geforce-rtx-3060-laptop-140w/,"nvidia geforce rtx 3060 (laptop, 140w)",94,8,GA106,1387,DDR6,1750,336,2021.0,140.0,3840,1702,6,192,nvidia,,
https://laptopmedia.com/video-card/nvidia-geforce-rtx-3060-laptop-130w/,"nvidia geforce rtx 3060 (laptop, 130w)",95,8,GA106,1387,DDR6,1750,336,2021.0,130.0,3840,1702,6,192,nvidia,,
https://laptopmedia.com/video-card/nvidia-rtx-2000-ada-generation-65w/,nvidia rtx 2000 ada generation (65w),96,5,Ada Lovelace,1365,DDR6,2000,256,2023.0,65.0,3072,1785,8,128,nvidia,,
https://laptopmedia.com/video-card/nvidia-rtx-3000-ada-generation-50w/,nvidia rtx 3000 ada generation (50w),97,5,Ada Lovelace,1005,DDR6,2000,256,2023.0,50.0,4608,1635,8,128,nvidia,,
https://laptopmedia.com/video-card/nvidia-geforce-rtx-3080-laptop-90w/,"nvidia geforce rtx 3080 (laptop, 90w)",98,8,GA104,780,DDR6,1500,384,2021.0,90.0,6144,1245,16,256,nvidia,,
https://laptopmedia.com/video-card/nvidia-geforce-rtx-4050-laptop-115w/,"nvidia geforce rtx 4050 (laptop, 115w)",99,4,Ada Lovelace,1605,DDR6,16000,,2023.0,115.0,2560,2370,6,96,nvidia,,
https://laptopmedia.com/video-card/nvidia-geforce-rtx-4050-laptop-120w/,"nvidia geforce rtx 4050 (laptop, 120w)",100,4,Ada Lovelace,1605,DDR6,16000,,2023.0,120.0,2560,2370,6,96,nvidia,,
https://laptopmedia.com/video-card/nvidia-geforce-rtx-4050-laptop-140w/,"nvidia geforce rtx 4050 (laptop, 140w)",101,4,Ada Lovelace,1605,DDR6,16000,,2023.0,140.0,2560,2370,6,96,nvidia,,
https://laptopmedia.com/video-card/amd-radeon-rx-6650m/,amd radeon rx 6650m,102,7,,,DDR6,18000,256,2022.0,120.0,1792,2222,8,256,amd,,
https://laptopmedia.com/video-card/nvidia-geforce-rtx-4060-laptop-65w/,"nvidia geforce rtx 4060 (laptop, 65w)",103,4,Ada Lovelace,1470,DDR6,16000,,2023.0,65.0,3072,2370,8,128,nvidia,,
https://laptopmedia.com/video-card/nvidia-geforce-rtx-4050-laptop-130w/,"nvidia geforce rtx 4050 (laptop, 130w)",104,4,Ada Lovelace,1605,DDR6,16000,,2023.0,130.0,2560,2370,6,96,nvidia,,
https://laptopmedia.com/video-card/nvidia-geforce-rtx-4070-laptop-60w/,"nvidia geforce rtx 4070 (laptop, 60w)",105,4,Ada Lovelace,1230,DDR6,16000,,2023.0,60.0,4608,2175,8,128,nvidia,,
https://laptopmedia.com/video-card/amd-radeon-rx-7600m-xt/,amd radeon rx 7600m xt,106,6,Navi 33,,DDR6,18000,288,2023.0,120.0,2048,2300,8,128,amd,,
https://laptopmedia.com/video-card/nvidia-geforce-rtx-2080-super-max-q/,nvidia geforce rtx 2080 super max-q,107,12,TU104,975,DDR6,11000,352,2020.25,90.0,3072,1230,8,256,nvidia,,
https://laptopmedia.com/video-card/nvidia-geforce-rtx-4050-laptop-105w/,"nvidia geforce rtx 4050 (laptop, 105w)",108,4,Ada Lovelace,1605,DDR6,16000,,2023.0,105.0,2560,2370,6,96,nvidia,,
https://laptopmedia.com/video-card/nvidia-geforce-rtx-3060-laptop-120w/,"nvidia geforce rtx 3060 (laptop, 120w)",109,8,GA106,1387,DDR6,1750,336,2021.0,120.0,3840,1475,6,192,nvidia,,
https://laptopmedia.com/video-card/nvidia-rtx-a3000-laptop-135w/,"nvidia rtx a3000 (laptop, 135w)",110,8,GA104,,DDR6,,264,2021.25,135.0,4096,,6,192,nvidia,,
https://laptopmedia.com/video-card/nvidia-geforce-rtx-4050-laptop-100w/,"nvidia geforce rtx 4050 (laptop, 100w)",111,4,Ada Lovelace,1605,DDR6,16000,,2023.0,100.0,2560,2370,6,96,nvidia,,
https://laptopmedia.com/video-card/nvidia-geforce-rtx-3060-laptop-125w/,"nvidia geforce rtx 3060 (laptop, 125w)",112,8,GA106,1387,DDR6,1750,336,2021.0,125.0,3840,1425,6,192,nvidia,,
https://laptopmedia.com/video-card/nvidia-geforce-rtx-3060-laptop-105w/,"nvidia geforce rtx 3060 (laptop, 105w)",113,8,GA106,900,DDR6,1750,336,2021.0,105.0,3840,1425,6,192,nvidia,,
https://laptopmedia.com/video-card/amd-radeon-rx-6700s/,amd radeon rx 6700s,114,7,Navi 22,,DDR6,16000,224,2022.0,80.0,1792,1890,8,128,amd,,
https://laptopmedia.com/video-card/nvidia-geforce-rtx-2070-super-laptop/,nvidia geforce rtx 2070 super (laptop),115,12,TU104,1140,DDR6,14000,448,2020.25,115.0,2560,1380,8,256,nvidia,320,"113"
https://laptopmedia.com/video-card/nvidia-rtx-2000-ada-generation/,nvidia rtx 2000 ada generation (laptop),116,5,Ada Lovelace,1635,DDR6,2000,256,2023.0,140.0,3072,2115,8,128,nvidia,96,"105"
https://laptopmedia.com/video-card/nvidia-geforce-rtx-4060-laptop-55w/,"nvidia geforce rtx 4060 (laptop, 55w)",117,4,Ada Lovelace,1470,DDR6,16000,,2023.0,55.0,3072,1755,8,128,nvidia,,
https://laptopmedia.com/video-card/nvidia-geforce-rtx-3070-laptop-85w/,"nvidia geforce rtx 3070 (laptop, 85w)",118,8,Ampere,780,DDR6,1500,384,2021.0,85.0,5120,1290,8,256,nvidia,,
https://laptopmedia.com/video-card/nvidia-geforce-rtx-2080-super-max-q-80w/,nvidia geforce rtx 2080 super max-q (80w),119,12,TU104,735,DDR6,11000,352,2020.25,80.0,3072,1080,8,256,nvidia,,
https://laptopmedia.com/video-card/nvidia-geforce-rtx-4060-laptop-60w/,"nvidia geforce rtx 4060 (laptop, 60w)",120,4,Ada Lovelace,1470,DDR6,16000,,2023.0,60.0,3072,2370,8,128,nvidia,,
https://laptopmedia.com/video-card/nvidia-geforce-rtx-4050-laptop-80w/,"nvidia geforce rtx 4050 (laptop, 80w)",121,4,Ada Lovelace,1605,DDR6,16000,,2023.0,80.0,2560,2370,6,96,nvidia,,
https://laptopmedia.com/video-card/nvidia-geforce-rtx-3060-laptop/,nvidia geforce rtx 3060 (laptop),122,8,GA106,1378,DDR6,1750,336,2021.0,130.0,3840,1702,6,192,nvidia,120,"105"
https://laptopmedia.com/video-card/nvidia-geforce-rtx-3060-laptop-100w-2/,"nvidia geforce rtx 3060 (laptop, 100w)",123,8,GA106,900,DDR6,1750,336,2021.0,100.0,3840,1425,6,192,nvidia,,
https://laptopmedia.com/video-card/nvidia-geforce-rtx-4050-laptop/,nvidia geforce rtx 4050 (laptop),124,4,Ada Lovelace,1605,DDR6,16000,,2023.0,165.0,2560,2370,6,96,nvidia,80,"97"
https://laptopmedia.com/video-card/nvidia-geforce-rtx-4050-laptop-75w/,"nvidia geforce rtx 4050 (laptop, 75w)",125,4,Ada Lovelace,1605,DDR6,16000,,2023.0,75.0,2560,2370,6,96,nvidia,,
https://laptopmedia.com/video-card/nvidia-geforce-rtx-3060-laptop-80w/,"nvidia geforce rtx 3060 (laptop, 80w)",126,8,GA106,900,DDR6,1750,336,2021.0,80.0,3840,1425,6,192,nvidia,,
https://laptopmedia.com/video-card/nvidia-geforce-rtx-3060-laptop-100w/,"nvidia geforce rtx 3060 (laptop, 95w)",127,8,GA106,900,DDR6,1750,336,2021.0,95.0,3840,1425,6,192,nvidia,,
https://laptopmedia.com/video-card/amd-radeon-rx-6600s/,amd radeon rx 6600s,128,7,,,DDR6,16000,224,2022.0,80.0,1792,1881,4,128,amd,,
https://laptopmedia.com/video-card/nvidia-geforce-rtx-2070-laptop/,nvidia geforce rtx 2070 (laptop),129,12,TU106,1215,DDR6,14000,448,2019.0,115.0,2304,1440,8,256,nvidia,288,"107"
https://laptopmedia.com/video-card/nvidia-geforce-rtx-2070-super-max-q/,nvidia geforce rtx 2070 super max-q,130,12,,1080,DDR6,11000,352,2020.25,90.0,2560,1290,8,256,nvidia,,
https://laptopmedia.com/video-card/nvidia-geforce-rtx-4050-laptop-90w/,"nvidia geforce rtx 4050 (laptop, 90w)",131,4,Ada Lovelace,1605,DDR6,16000,,2023.0,90.0,2560,2370,6,96,nvidia,,
https://laptopmedia.com/video-card/nvidia-geforce-rtx-3060-laptop-75w/,"nvidia geforce rtx 3060 (laptop, 75w)",132,8,GA106,817,DDR6,1750,282,2021.0,75.0,3840,1282,6,192,nvidia,,
https://laptopmedia.com/video-card/nvidia-rtx-a3000-laptop/,nvidia rtx a3000 (laptop),133,8,GA104,,DDR6,,264,2021.25,130.0,4096,,6,192,nvidia,128,"102"
https://laptopmedia.com/video-card/nvidia-geforce-rtx-2070-super-max-q-90w/,nvidia geforce rtx 2070 super max-q (90w),134,12,,1080,DDR6,11000,352,2020.25,90.0,2560,1290,8,256,nvidia,,
https://laptopmedia.com/video-card/nvidia-geforce-rtx-4060-laptop-45w/,"nvidia geforce rtx 4060 (laptop, 45w)",135,4,Ada Lovelace,1470,DDR6,16000,,2023.0,45.0,3072,2370,8,128,nvidia,,
https://laptopmedia.com/video-card/nvidia-geforce-rtx-4050-laptop-65w/,"nvidia geforce rtx 4050 (laptop, 65w)",136,4,Ada Lovelace,1605,DDR6,16000,,2023.0,65.0,2560,2370,6,96,nvidia,,
https://laptopmedia.com/video-card/nvidia-geforce-rtx-4060-laptop-50w/,"nvidia geforce rtx 4060 (laptop, 50w)",137,4,Ada Lovelace,1470,DDR6,16000,,2023.0,50.0,3072,2370,8,128,nvidia,,
https://laptopmedia.com/video-card/nvidia-rtx-2000-ada-generation-50w/,nvidia rtx 2000 ada generation (50w),138,5,Ada Lovelace,1365,DDR6,2000,256,2023.0,50.0,3072,1785,8,128,nvidia,,
https://laptopmedia.com/video-card/nvidia-geforce-rtx-3060-laptop-90w/,"nvidia geforce rtx 3060 (laptop, 90w)",139,8,GA106,900,DDR6,1750,336,2021.0,90.0,3840,1425,6,192,nvidia,,
https://laptopmedia.com/video-card/nvidia-geforce-rtx-3060-laptop-85w/,"nvidia geforce rtx 3060 (laptop, 85w)",140,8,GA106,900,DDR6,1750,336,2021.0,85.0,3840,1425,6,192,nvidia,,
https://laptopmedia.com/video-card/amd-radeon-rx-6600m/,amd radeon rx 6600m,141,7,,,DDR6,2000,224,2021.25,100.0,1792,2177,8,128,amd,,
https://laptopmedia.com/video-card/nvidia-geforce-rtx-3060-laptop-70w/,"nvidia geforce rtx 3060 (laptop, 70w)",142,8,GA106,817,DDR6,1500,288,2021.0,70.0,3072,1272,6,192,nvidia,,
https://laptopmedia.com/video-card/nvidia-geforce-rtx-3060-laptop-65w/,"nvidia geforce rtx 3060 (laptop, 65w)",143,8,GA106,817,DDR6,1500,288,2021.0,65.0,3072,1272,6,192,nvidia,,
https://laptopmedia.com/video-card/nvidia-rtx-1000-ada-generation-50w/,nvidia rtx 1000 ada generation (50w),144,5,Ada Lovelace,990,DDR6,2000,192,2024.0,50.0,2560,1740,6,96,nvidia,,
https://laptopmedia.com/video-card/nvidia-geforce-rtx-2060-laptop-115w/,"nvidia geforce rtx 2060 (laptop, 115w)",145,12,,1005,DDR6,1750,336,2020.0,115.0,1920,1560,6,192,nvidia,,
https://laptopmedia.com/video-card/nvidia-geforce-rtx-4050-laptop-45w/,"nvidia geforce rtx 4050 (laptop, 45w)",146,4,Ada Lovelace,1140,DDR6,2000,192,2023.0,45.0,2560,1605,6,96,nvidia,,
https://laptopmedia.com/video-card/nvidia-geforce-rtx-2070-max-q/,nvidia geforce rtx 2070 max-q,147,12,TU106,1080,DDR6,12000,384,2019.0,90.0,2304,1305,8,256,nvidia,,
https://laptopmedia.com/video-card/nvidia-geforce-rtx-4050-laptop-55w/,"nvidia geforce rtx 4050 (laptop, 55w)",148,4,Ada Lovelace,1605,DDR6,16000,,2023.0,55.0,2560,2370,6,96,nvidia,,
https://laptopmedia.com/video-card/nvidia-geforce-rtx-4050-laptop-50w/,"nvidia geforce rtx 4050 (laptop, 50w)",149,4,Ada Lovelace,1605,DDR6,16000,,2023.0,50.0,2560,2370,6,96,nvidia,,
https://laptopmedia.com/video-card/nvidia-geforce-rtx-4070-laptop-50w/,"nvidia geforce rtx 4070 (laptop, 50w)",150,4,Ada Lovelace,735,DDR6,2000,259,2023.0,50.0,4608,1230,8,128,nvidia,,
https://laptopmedia.com/video-card/nvidia-geforce-rtx-2060-6gb/,nvidia geforce rtx 2060 (laptop),151,12,TU106,1005,DDR6,14000,336,2019.0,115.0,1920,1560,6,192,nvidia,240,"96"
https://laptopmedia.com/video-card/amd-radeon-rx-5600m/,amd radeon rx 5600m,152,7,Navi 10,1190,DDR6,12000,288,2020.0,150.0,2304,1265,6,192,amd,,
https://laptopmedia.com/video-card/intel-arc-a550m/,intel arc a550m,153,6,Alchemist,900,DDR6,14000,224,2022.0,80.0,16,,8,128,intel,,
https://laptopmedia.com/video-card/nvidia-geforce-rtx-3050-ti-laptop-75w/,"nvidia geforce rtx 3050 ti (laptop, 75w)",154,8,GA107,1222,DDR6,1500,192,2021.25,75.0,2560,1585,4,128,nvidia,,
https://laptopmedia.com/video-card/nvidia-geforce-rtx-3050-ti-laptop-85w/,"nvidia geforce rtx 3050 ti (laptop, 85w)",155,8,GA107,1463,DDR6,1500,192,2021.25,85.0,2560,1695,4,128,nvidia,,
https://laptopmedia.com/video-card/nvidia-geforce-rtx-3050-ti-laptop-95w/,"nvidia geforce rtx 3050 ti (laptop, 95w)",156,8,GA107,1222,DDR6,1500,198,2021.25,95.0,2560,1485,4,128,nvidia,,
https://laptopmedia.com/video-card/nvidia-geforce-rtx-4050-laptop-60w/,"nvidia geforce rtx 4050 (laptop, 60w)",157,4,Ada Lovelace,1605,DDR6,16000,,2023.0,60.0,2560,2370,6,96,nvidia,,
https://laptopmedia.com/video-card/nvidia-geforce-rtx-2060-laptop-80w/,"nvidia geforce rtx 2060 (laptop, 80w)",158,12,,960,DDR6,1750,336,2019.0,80.0,1920,1200,6,192,nvidia,,
https://laptopmedia.com/video-card/nvidia-geforce-rtx-2060-laptop-90w/,"nvidia geforce rtx 2060 (laptop, 90w)",159,12,,1005,DDR6,1750,336,2019.0,90.0,1920,1350,6,192,nvidia,,
https://laptopmedia.com/video-card/intel-arc-a530m/,intel arc a530m,160,6,Alchemist,900,DDR6,14000,224,2023.5,95.0,12,1300,12,128,intel,,
https://laptopmedia.com/video-card/nvidia-geforce-rtx-4050-laptop-35w/,"nvidia geforce rtx 4050 (laptop, 35w)",161,4,Ada Lovelace,1605,DDR6,16000,,2023.0,35.0,2560,2370,6,96,nvidia,,
https://laptopmedia.com/video-card/nvidia-geforce-rtx-3050-ti-laptop-80w/,"nvidia geforce rtx 3050 ti (laptop, 80w)",162,8,GA107,1463,DDR6,1500,192,2021.25,80.0,2560,1695,4,128,nvidia,,
https://laptopmedia.com/video-card/nvidia-rtx-a2000-laptop-80w/,"nvidia rtx a2000 (laptop, 80w)",163,8,GA106,1215,DDR6,1500,192,2021.25,80.0,2560,1687,4,128,nvidia,,
https://laptopmedia.com/video-card/nvidia-geforce-gtx-1660-ti/,nvidia geforce gtx 1660 ti (laptop),164,12,TU116,1455,DDR6,12000,288,2019.25,80.0,1536,1590,6,192,nvidia,,
https://laptopmedia.com/video-card/nvidia-geforce-rtx-3050-laptop-95w/,"nvidia geforce rtx 3050 (laptop, 95w)",165,8,GA107,1238,DDR6,1500,192,2021.0,95.0,2048,1500,4,128,nvidia,,
https://laptopmedia.com/video-card/nvidia-rtx-a2000-laptop-65w/,"nvidia rtx a2000 (laptop, 65w)",166,8,GA106,1215,DDR6,1500,192,2021.25,65.0,2560,1687,4,128,nvidia,,
https://laptopmedia.com/video-card/nvidia-geforce-rtx-3050-laptop-75w-6gb/,"nvidia geforce rtx 3050 (laptop, 75w, 6gb)",167,8,GA107,1237,DDR6,1750,168,2021.0,75.0,2560,1492,6,96,nvidia,,
https://laptopmedia.com/video-card/nvidia-geforce-rtx-3050-laptop-85w/,"nvidia geforce rtx 3050 (laptop, 85w)",168,8,GA107,1237,DDR6,1500,192,2021.0,85.0,2048,1500,4,128,nvidia,,
https://laptopmedia.com/video-card/nvidia-geforce-rtx-3050-ti-laptop-65w/,"nvidia geforce rtx 3050 ti (laptop, 65w)",169,8,GA107,735,DDR6,1375,176,2021.25,65.0,2560,1035,4,128,nvidia,,
https://laptopmedia.com/video-card/nvidia-geforce-rtx-3050-ti-laptop-60w/,"nvidia geforce rtx 3050 ti (laptop, 60w)",170,8,GA107,1222,DDR6,12000,,2021.25,60.0,2560,1485,4,128,nvidia,,
https://laptopmedia.com/video-card/nvidia-rtx-a2000-laptop/,nvidia rtx a2000 (laptop),171,8,GA106,,DDR6,1500,192,2021.25,95.0,2560,,4,128,nvidia,80,"74"
https://laptopmedia.com/video-card/nvidia-geforce-rtx-3050-laptop-70w-6gb/,"nvidia geforce rtx 3050 (laptop, 70w, 6gb)",172,8,GA107,1162,DDR6,1353,130,2021.0,70.0,2560,1432,6,96,nvidia,,
https://laptopmedia.com/video-card/nvidia-geforce-rtx-3050-laptop-90w/,"nvidia geforce rtx 3050 (laptop, 90w)",173,8,GA107,1500,DDR6,1500,192,2021.0,90.0,2048,1740,4,128,nvidia,,
https://laptopmedia.com/video-card/nvidia-geforce-rtx-3050-ti-laptop-50w/,"nvidia geforce rtx 3050 ti (laptop, 50w)",174,8,GA107,735,DDR6,1375,176,2021.25,50.0,2560,1035,4,128,nvidia,,
https://laptopmedia.com/video-card/nvidia-geforce-rtx-3050-laptop-65w-6gb/,"nvidia geforce rtx 3050 (laptop, 65w, 6gb)",175,8,GA107,1162,DDR6,1353,130,2021.0,65.0,2560,1432,6,96,nvidia,,
https://laptopmedia.com/video-card/nvidia-geforce-gtx-1660-ti-max-q/,nvidia geforce gtx 1660 ti max-q,176,12,TU116,1140,DDR6,12000,288,2019.25,60.0,1536,1335,6,192,nvidia,,
https://laptopmedia.com/video-card/nvidia-geforce-rtx-3050-laptop-75w/,"nvidia geforce rtx 3050 (laptop, 75w)",177,8,GA107,1237,DDR6,1500,192,2021.0,75.0,2048,1600,4,128,nvidia,,
https://laptopmedia.com/video-card/nvidia-rtx-a1000-laptop-95w/,"nvidia rtx a1000 (laptop, 95w)",178,8,GA107,1192,DDR6,14000,,2022.0,95.0,2048,1627,4,128,nvidia,,
https://laptopmedia.com/video-card/nvidia-geforce-rtx-3050-laptop-63w-6gb/,"nvidia geforce rtx 3050 (laptop, 63w, 6gb)",179,8,GA107,622,DDR6,1375,139,2021.0,63.0,2560,990,6,96,nvidia,,
https://laptopmedia.com/video-card/nvidia-rtx-a1000-laptop-65w-6gb/,"nvidia rtx a1000 (laptop, 65w, 6gb)",180,8,GA107,625,DDR6,1375,132,2022.0,65.0,2048,1297,6,96,nvidia,,
https://laptopmedia.com/video-card/nvidia-geforce-rtx-3050-laptop-65w/,"nvidia geforce rtx 3050 (laptop, 65w)",181,8,GA107,1237,DDR6,1500,192,2021.0,65.0,2048,1500,4,128,nvidia,,
https://laptopmedia.com/video-card/nvidia-geforce-rtx-3050-laptop-60w-6gb/,"nvidia geforce rtx 3050 (laptop, 60w, 6gb)",182,8,GA107,622,DDR6,1375,139,2021.0,60.0,2560,990,6,96,nvidia,,
https://laptopmedia.com/video-card/nvidia-geforce-rtx-3050-ti-laptop/,nvidia geforce rtx 3050 ti (laptop),183,8,GA107,1222,DDR6,12000,,2021.25,80.0,2560,1485,4,128,nvidia,80,"69"
https://laptopmedia.com/video-card/nvidia-geforce-rtx-3050-laptop-60w/,"nvidia geforce rtx 3050 (laptop, 60w)",184,8,GA107,713,DDR6,1500,,2021.0,60.0,2048,1500,4,128,nvidia,,
https://laptopmedia.com/video-card/nvidia-geforce-rtx-3050-ti-laptop-45w/,"nvidia geforce rtx 3050 ti (laptop, 45w)",185,8,GA107,800,DDR6,1500,180,2021.25,45.0,2560,1035,4,128,nvidia,,
https://laptopmedia.com/video-card/nvidia-rtx-500-ada-generation-35w/,nvidia rtx 500 ada generation (35w),186,5,Ada Lovelace,,DDR6,1500,128,2024.0,35.0,2048,,4,64,nvidia,,
https://laptopmedia.com/video-card/amd-radeon-pro-5600m-8gb-gddr/,amd radeon pro 5600m (8gb hbm2),187,7,Navi,1000,HBM2,770,394,2020.25,50.0,2560,1265,8,2048,amd,,
https://laptopmedia.com/video-card/nvidia-geforce-rtx-3050-laptop-45w/,"nvidia geforce rtx 3050 (laptop, 45w)",188,8,GA107,712,DDR6,1353,173,2021.0,45.0,2048,1057,4,128,nvidia,,
https://laptopmedia.com/video-card/nvidia-geforce-rtx-3050-laptop/,nvidia geforce rtx 3050 (laptop),189,8,GA107,1530,DDR6,1500,192,2021.0,80.0,2048,1740,4,128,nvidia,64,"57"
https://laptopmedia.com/video-card/nvidia-geforce-rtx-3050-ti-laptop-40w/,"nvidia geforce rtx 3050 ti (laptop, 40w)",190,8,GA107,800,DDR6,1500,180,2021.25,40.0,2560,1035,4,128,nvidia,,
https://laptopmedia.com/video-card/nvidia-geforce-rtx-3050-laptop-55w/,"nvidia geforce rtx 3050 (laptop, 55w)",191,8,GA107,712,DDR6,1375,176,2021.0,55.0,2048,1057,4,128,nvidia,,
https://laptopmedia.com/video-card/nvidia-geforce-rtx-3050-laptop-50w-6gb/,"nvidia geforce rtx 3050 (laptop, 50w, 6gb)",192,8,GA107,622,DDR6,1375,132,2021.0,50.0,2560,990,6,96,nvidia,,
https://laptopmedia.com/video-card/amd-radeon-rx-6500m/,amd radeon rx 6500m,193,6,,,DDR6,18000,128,2022.0,50.0,1024,2191,4,64,amd,,
https://laptopmedia.com/video-card/nvidia-geforce-rtx-3050-laptop-45w-6gb/,"nvidia geforce rtx 3050 (laptop, 45w, 6gb)",194,8,GA107,622,DDR6,1375,132,2021.0,45.0,2560,990,6,96,nvidia,,
https://laptopmedia.com/video-card/nvidia-geforce-rtx-3050-laptop-50w/,"nvidia geforce rtx 3050 (laptop, 50w)",195,8,GA107,735,DDR6,1375,176,2021.0,50.0,2048,1035,4,128,nvidia,,
https://laptopmedia.com/video-card/nvidia-rtx-a1000-laptop/,nvidia rtx a1000 (laptop),196,8,GA107,1192,DDR6,14000,,2022.0,95.0,2048,1627,4,128,nvidia,64,"60"
https://laptopmedia.com/video-card/nvidia-geforce-rtx-2050-60w/,nvidia geforce rtx 2050 (60w),197,8,GA107,982,DDR6,1750,112,2022.0,60.0,2048,1372,4,64,nvidia,,
https://laptopmedia.com/video-card/intel-arc-a370m/,intel arc a370m,198,6,Alchemist,,DDR6,1750,112,2022.0,50.0,96,2050,4,64,intel,,
https://laptopmedia.com/video-card/nvidia-geforce-rtx-2050/,nvidia geforce rtx 2050 (laptop),199,8,GA107,1155,DDR6,1750,112,2022.0,45.0,2048,1477,4,64,nvidia,64,"48"
https://laptopmedia.com/video-card/nvidia-geforce-rtx-2050-45w/,nvidia geforce rtx 2050 (45w),200,8,GA107,982,DDR6,1750,112,2022.0,45.0,2048,1372,4,64,nvidia,,
https://laptopmedia.com/video-card/nvidia-geforce-rtx-3050-laptop-40w/,"nvidia geforce rtx 3050 (laptop, 40w)",201,8,GA107,712,DDR6,1353,173,2021.0,40.0,2048,1057,4,128,nvidia,,
https://laptopmedia.com/video-card/nvidia-geforce-rtx-3050-ti-laptop-90w/,"nvidia geforce rtx 3050 ti (laptop, 90w)",202,8,GA107,1222,DDR6,12000,,2021.25,90.0,2560,1795,4,128,nvidia,,
https://laptopmedia.com/video-card/nvidia-geforce-gtx-1650-ti-laptop/,"nvidia geforce gtx 1650 ti (laptop, 50w, 128-bit)",203,12,TU117,1350,DDR6,12000,192,2020.25,50.0,1024,1485,4,128,nvidia,,
https://laptopmedia.com/video-card/intel-arc-7-cores/,intel arc (7-cores),205,5,Xe LPG,,shared,,,2023.75,,112,2200,,,,,
https://laptopmedia.com/video-card/amd-radeon-rx-5300m/,amd radeon rx 5300m,204,7,Navi 14,1181,DDR6,14000,168,2019.5,65.0,1408,1445,3,96,amd,,
https://laptopmedia.com/video-card/intel-arc-8-cores/,intel arc (8-cores),206,5,Xe LPG,,shared,,,2023.75,,128,2300,,,,,
https://laptopmedia.com/video-card/nvidia-geforce-gtx-1650-ti-laptop-2/,nvidia geforce gtx 1650 ti (laptop),207,12,TU117,1350,DDR6,12000,,,55.0,1024,1450,4,256,,,
https://laptopmedia.com/video-card/nvidia-geforce-gtx-1650-ti-max-q-50w/,nvidia geforce gtx 1650 ti max-q (50w),208,12,TU117,1200,DDR6,1250,160,2020.25,50.0,1024,1365,4,128,nvidia,,
https://laptopmedia.com/video-card/amd-radeon-rx-580-laptop/,amd radeon rx 580 (4gb gddr5) (laptop),209,14,Polaris 20,1077,DDR5,2000,256,2017.25,185.0,2304,1340,4,256,amd,,
https://laptopmedia.com/video-card/nvidia-geforce-gtx-1650/,nvidia geforce gtx 1650 (laptop),210,12,TU117,1395,DDR6,8000,128,2019.25,50.0,1024,1560,4,128,nvidia,,
https://laptopmedia.com/video-card/nvidia-geforce-gtx-1650-laptop-50w/,"nvidia geforce gtx 1650 (laptop, 50w)",211,12,TU117,1395,DDR6,8000,128,2019.25,50.0,1024,1560,4,128,nvidia,,
https://laptopmedia.com/video-card/nvidia-t1200/,nvidia t1200,212,12,TU117,,DDR6,,192,2021.25,95.0,1024,,4,128,nvidia,,
https://laptopmedia.com/video-card/nvidia-quadro-t2000-4gb-gddr5/,nvidia quadro t2000 (4gb gddr5),213,12,,1575,DDR5,8000,128,2019.25,60.0,1024,1785,4,128,nvidia,,
https://laptopmedia.com/video-card/amd-radeon-890m/,amd radeon 890m,214,4,,400,shared,,,2024.25,15.0,1024,2900,,,amd,,
https://laptopmedia.com/video-card/nvidia-quadro-t2000-max-q/,nvidia quadro t2000 max-q,215,12,,930,DDR5,8000,128,2019.25,35.0,1024,1500,4,128,nvidia,,
https://laptopmedia.com/video-card/nvidia-geforce-rtx-2050-35w/,nvidia geforce rtx 2050 (35w),216,8,GA107,832,DDR6,1500,96,2022.0,35.0,2048,1155,4,64,nvidia,,
https://laptopmedia.com/video-card/nvidia-geforce-mx570-30w/,nvidia geforce mx570 (30w),217,8,GA107,832,DDR6,1500,96,2021.75,30.0,2048,1155,2,64,nvidia,,
https://laptopmedia.com/video-card/nvidia-geforce-gtx-1650-ti-max-q/,nvidia geforce gtx 1650 ti max-q,218,12,TU117,1035,DDR6,10000,160,2020.25,35.0,1024,1200,4,128,nvidia,,
https://laptopmedia.com/video-card/nvidia-geforce-gtx-1650-laptop-40w/,"nvidia geforce gtx 1650 (laptop, 40w)",219,12,TU117,1170,DDR6,8000,128,2020.0,40.0,1024,1350,4,128,nvidia,,
https://laptopmedia.com/video-card/nvidia-geforce-rtx-2050-30w/,nvidia geforce rtx 2050 (30w),220,8,GA107,832,DDR6,1500,96,2022.0,30.0,2048,1155,4,64,nvidia,,
https://laptopmedia.com/video-card/nvidia-quadro-t1000-max-q/,nvidia quadro t1000 max-q,221,12,,795,DDR5,8000,128,2019.25,35.0,896,1455,4,128,nvidia,,
https://laptopmedia.com/video-card/nvidia-geforce-gtx-1650-max-q/,nvidia geforce gtx 1650 max-q,222,12,TU117,1020,DDR6,2001,112,2019.25,35.0,1024,1245,4,128,nvidia,,
https://laptopmedia.com/video-card/nvidia-rtx-a500-laptop-30w/,"nvidia rtx a500 (laptop, 30w)",223,8,GA107,832,DDR6,1500,96,2022.0,30.0,2048,1537,4,64,nvidia,,
https://laptopmedia.com/video-card/nvidia-geforce-mx570/,nvidia geforce mx570,224,8,GA107,,DDR6,12000,96,2021.75,25.0,2048,1477,2,64,nvidia,64,"48"
https://laptopmedia.com/video-card/nvidia-t600/,nvidia t600,225,12,TU117,735,DDR6,1250,160,2021.25,40.0,640,1335,4,128,nvidia,,
https://laptopmedia.com/video-card/intel-arc-a350m/,intel arc a350m,226,6,Alchemist,1150,DDR6,14000,112,2022.0,35.0,6,,4,64,intel,,
https://laptopmedia.com/video-card/nvidia-geforce-mx550-35w/,nvidia geforce mx550 (35w),227,12,TU117,1260,DDR6,1500,96,2021.75,35.0,1024,1500,2,65,nvidia,,
https://laptopmedia.com/video-card/amd-radeon-780m/,amd radeon 780m,228,4,,1500,shared,,,2023.0,54.0,768,3000,,,amd,,
https://laptopmedia.com/video-card/amd-radeon-760m/,amd radeon 760m,229,4,,1500,shared,,,2023.0,54.0,384,2800,,,amd,,
https://laptopmedia.com/video-card/nvidia-quadro-t550-25w/,nvidia quadro t550 (25w),230,,,,DDR6,,112,2022.25,25.0,1024,,4,,nvidia,,
https://laptopmedia.com/video-card/nvidia-geforce-mx550/,nvidia geforce mx550,231,12,TU117,,DDR6,12000,96,2021.75,25.0,1024,1320,2,64,nvidia,,
https://laptopmedia.com/video-card/amd-radeon-680m/,amd radeon 680m,232,6,,,shared,,,2022.0,45.0,12,2400,,,amd,,
https://laptopmedia.com/video-card/nvidia-geforce-mx450-gddr6-25w-28-5w/,"nvidia geforce mx450 (gddr6, 25w / 28.5w)",233,12,TU117,1395,DDR6,1250,80,2020.5,28.0,896,1575,2,64,nvidia,,
https://laptopmedia.com/video-card/nvidia-quadro-t550/,nvidia t550,234,,,,DDR6,,112,2022.25,,1024,,4,,nvidia,,
https://laptopmedia.com/video-card/nvidia-geforce-mx450/,nvidia geforce mx450,235,12,,1395,DDR6,1250,80,2020.5,28.0,896,1575,2,64,nvidia,,
https://laptopmedia.com/video-card/intel-graphics-4-cores/,intel graphics (4-cores),236,5,Xe LPG,,shared,,,2023.75,,64,2000,,,,,
https://laptopmedia.com/video-card/nvidia-quadro-t500/,nvidia t500,237,12,TU117,1365,DDR6,1250,80,2020.75,18.0,896,1695,4,64,nvidia,,
https://laptopmedia.com/video-card/nvidia-geforce-mx450-gddr5-25w/,"nvidia geforce mx450 (gddr5, 25w)",238,12,TU117,1395,DDR5,3501,80,2020.5,25.0,896,1575,2,64,nvidia,,
https://laptopmedia.com/video-card/intel-iris-xe-max/,intel iris xe max,239,10,Iris Xe,,DDR4,4627,68,2020.75,25.0,96,1650,4,128,intel,,
https://laptopmedia.com/video-card/amd-radeon-740m/,amd radeon 740m,240,4,Phoenix,1500,shared,,,2023.0,30.0,256,2500,,,amd,,
https://laptopmedia.com/video-card/qualcomm-snapdragon-x-elite-adreno-gpu/,qualcomm snapdragon x elite adreno gpu,241,4,Qualcomm Oryon,,shared,,,2024.25,45.0,,,,,,,
https://laptopmedia.com/video-card/nvidia-geforce-mx450-gddr6-12w/,"nvidia geforce mx450 (gddr6, 12w)",242,12,TU117,720,DDR6,1250,80,2020.5,12.0,896,930,2,64,nvidia,,
https://laptopmedia.com/video-card/amd-radeon-660m/,amd radeon 660m,243,6,,,shared,,,2022.0,45.0,6,1900,,,,,
https://laptopmedia.com/video-card/intel-iris-xe-graphics-g7/,intel iris xe graphics g7 (96eu),244,10,Tiger Lake,400,shared,,,2020.5,28.0,96,1350,,,intel,,
https://laptopmedia.com/video-card/nvidia-quadro-p620-4gb-gddr5/,nvidia quadro p620 (4gb gddr5),245,14,Pascal,1266,DDR5,1252,80,2018.0,40.0,512,1354,4,128,nvidia,,
https://laptopmedia.com/video-card/nvidia-geforce-mx350/,nvidia geforce mx350,246,14,Pascal,1354,DDR5,1752,56,2020.0,25.0,640,1468,2,64,nvidia,,
https://laptopmedia.com/video-card/nvidia-geforce-mx350-25w/,nvidia geforce mx350 (25w),247,14,Pascal,1354,DDR5,1752,56,2020.0,25.0,640,1468,2,64,nvidia,,
https://laptopmedia.com/video-card/amd-radeon-rx-550-laptop-4gb-gddr5/,amd radeon rx 550 (laptop) (4gb gddr5),248,14,Polaris,1100,DDR5,7000,112,2017.0,35.0,512,1183,4,128,amd,,
https://laptopmedia.com/video-card/amd-radeon-rx-vega-8-ryzen-4000/,"amd radeon rx vega 8 (r4000/5000, 35/45w)",249,7,,,shared,,,2020.25,45.0,512,1750,,,amd,,
https://laptopmedia.com/video-card/amd-radeon-rx-vega-8-ryzen-4000-15w/,"amd radeon rx vega 8 (r4000/5000, 15w)",250,7,,400,shared,,,2020.25,15.0,512,2000,,,amd,,
https://laptopmedia.com/video-card/nvidia-geforce-mx250-2gb-gddr5/,nvidia geforce mx250 (25w),251,14,Pascal,1519,DDR5,1502,48,2019.0,25.0,384,1582,2,64,nvidia,,
https://laptopmedia.com/video-card/intel-iris-xe-graphics-g7-80eu/,intel iris xe graphics g7 (80eu),252,10,Tiger Lake,400,shared,,,2020.5,28.0,80,1300,,,intel,,
https://laptopmedia.com/video-card/intel-uhd-graphics-alder-lake-64eu/,"intel uhd graphics (alder lake, 64eu)",253,10,Alder Lake,,shared,,,2022.0,45.0,64,1400,,,intel,,
https://laptopmedia.com/video-card/amd-radeon-rx-vega-7-ryzen-4000-35-45w/,"amd radeon rx vega 7 (r4000/5000, 35/45w)",254,7,Renoir,,shared,,,2020.0,35.0,448,1600,,,amd,,
https://laptopmedia.com/video-card/nvidia-geforce-mx330-4gb-gddr5-25w/,"nvidia geforce mx330 (4gb gddr5, 25w)",255,14,Pascal,1531,DDR5,1752,56,2020.0,25.0,384,1594,4,64,nvidia,,
https://laptopmedia.com/video-card/nvidia-geforce-mx350-10w/,nvidia geforce mx350 (10w),256,14,Pascal,747,DDR5,1752,56,2020.0,10.0,640,937,2,64,nvidia,,
https://laptopmedia.com/video-card/amd-radeon-rx-550-laptop-2gb-gddr5/,amd radeon rx 550 (laptop) (2gb gddr5),257,14,Polaris,1100,DDR5,6000,96,2017.0,50.0,512,1287,2,128,amd,,
https://laptopmedia.com/video-card/nvidia-geforce-mx330/,"nvidia geforce mx330 (2gb gddr5, 25w)",258,14,Pascal,1531,DDR5,1752,56,2020.0,25.0,384,1594,2,64,nvidia,,
https://laptopmedia.com/video-card/nvidia-quadro-p520-4gb-gddr5/,nvidia quadro p520 (4gb gddr5),259,14,Pascal,1303,DDR5,6000,48,2019.25,18.0,384,1493,4,64,nvidia,,
https://laptopmedia.com/video-card/amd-radeon-rx-vega-7/,"amd radeon rx vega 7 (r4000/5000, 15w)",260,7,Renoir,,shared,,,2020.0,15.0,448,1600,,,amd,,
https://laptopmedia.com/video-card/amd-radeon-rx-vega-6-ryzen-4000-45w/,"amd radeon rx vega 6 (r4000/5000, 35/45w)",261,7,Vega Renoir,,shared,,,2021.0,45.0,384,1500,,,amd,,
https://laptopmedia.com/video-card/amd-radeon-rx-vega-5/,amd radeon rx vega 5,262,7,,400,shared,,,2020.0,15.0,320,1400,,,amd,,
https://laptopmedia.com/video-card/amd-radeon-rx-640/,amd radeon rx 640,263,14,Polaris,1082,DDR5,6000,48,2019.5,50.0,640,1218,4,64,amd,,
https://laptopmedia.com/video-card/nvidia-geforce-mx250-10w/,nvidia geforce mx250 (10w),264,14,Pascal,937,DDR5,1502,48,2019.0,10.0,384,1038,2,64,nvidia,,
https://laptopmedia.com/video-card/qualcomm-adreno-690/,qualcomm adreno 690,265,5,Adreno 600,1700,shared,,,2020.25,7.0,,2000,,,,,
https://laptopmedia.com/video-card/amd-radeon-rx-vega-10/,amd radeon rx vega 10,266,14,Vega,,shared,,,2017.75,,640,1300,,,amd,,
https://laptopmedia.com/video-card/intel-uhd-graphics-tiger-lake-g4/,"intel uhd graphics xe g4 (tiger lake, 48eu)",267,10,Tiger Lake,300,shared,,,2020.5,15.0,384,1100,,,intel,,
https://laptopmedia.com/video-card/intel-uhd-graphics-770/,intel uhd graphics 770,268,10,Alder Lake,300,shared,,,2022.25,45.0,32,1550,,,intel,,
https://laptopmedia.com/video-card/amd-radeon-rx-vega-6-ryzen-4000/,"amd radeon rx vega 6 (r4000/5000, 15w)",269,7,Vega Renoir,,shared,,,2020.0,15.0,384,1500,,,amd,,
https://laptopmedia.com/video-card/amd-radeon-rx-vega-8-ryzen-2000/,"amd radeon rx vega 8 (r2000/3000, 15w)",270,14,Vega,,shared,,,2017.75,15.0,512,1200,,,amd,,
https://laptopmedia.com/video-card/intel-uhd-graphics-xe-g4-48eu/,intel uhd graphics xe g4 (48eu),271,10,Ice Lake,350,shared,,,2020.5,45.0,48,1450,,,intel,,
https://laptopmedia.com/video-card/intel-iris-xe-graphics-g4/,intel iris xe graphics g4,272,10,Tiger Lake Xe,400,shared,,,2020.5,15.0,80,1250,,,intel,,
https://laptopmedia.com/video-card/nvidia-geforce-mx130-2gb-gddr5/,nvidia geforce mx130 (2gb gddr5),273,28,GM108,1122,DDR5,1253,40,2018.0,30.0,384,1242,2,64,geforce,,
https://laptopmedia.com/video-card/intel-uhd-graphics-xe-750-32eu/,intel uhd graphics xe 750 (32eu),274,14,Tiger Lake Xe,350,shared,,,2021.0,45.0,32,1450,,,intel,,
https://laptopmedia.com/video-card/intel-iris-plus-graphics-g7/,intel iris plus graphics g7,275,10,Ice Lake,300,shared,,,2019.25,28.0,64,1100,,,intel,,
https://laptopmedia.com/video-card/amd-radeon-610m/,amd radeon 610m,276,6,,,shared,,,2022.5,15.0,128,1900,,,amd,,
https://laptopmedia.com/video-card/intel-uhd-graphics-jasper-lake-16-eu/,intel uhd graphics (jasper lake 16 eu),277,10,Jasper Lake,350,shared,,,2021.0,,16,800,,,intel,,
https://laptopmedia.com/video-card/amd-radeon-rx-vega-3/,amd radeon rx vega 3,278,14,Vega Raven Ridge,400,shared,,,2018.0,15.0,192,1200,,,amd,,
https://laptopmedia.com/video-card/intel-uhd-graphics-g1/,intel uhd graphics g1,279,10,Ice Lake,300,shared,,,2019.25,15.0,32,1100,,,intel,,
https://laptopmedia.com/video-card/intel-uhd-graphics-630/,intel uhd graphics 630,280,14,Coffee Lake,300,shared,,,2017.75,,24,1150,,,intel,,
https://laptopmedia.com/video-card/intel-uhd-graphics/,intel uhd graphics,281,14,Comet Lake,300,shared,,,2017.5,45.0,24,1150,,,intel,,
https://laptopmedia.com/video-card/intel-uhd-graphics-xe-750-16eu/,intel uhd graphics xe 750 (16eu),282,10,,350,shared,,,2021.0,45.0,16,1450,,,intel,,
https://laptopmedia.com/video-card/intel-uhd-graphics-jasper-lake-32-eu/,intel uhd graphics (jasper lake 32 eu),283,10,Jasper Lake,350,shared,,,2021.0,10.0,32,900,,,intel,,
https://laptopmedia.com/video-card/intel-uhd-graphics-605/,intel uhd graphics 605,284,14,Gemini Lake (Gen. 9 / Apollo Lake),300,shared,,,2017.75,6.0,12,750,,,intel,,
https://laptopmedia.com/video-card/intel-uhd-graphics-600/,intel uhd graphics 600,285,14,Gemini Lake (Gen. 9 / Apollo Lake),300,shared,,,2017.75,,12,700,,,intel,,
https://laptopmedia.com/video-card/amd-radeon-r3-beema/,amd radeon r3 (beema),286,28,Beema,350,shared,,,2014.25,,128,686,,,amd,,
