Column,gpu_link,name,Ranking,Manufacturing Process,Architecture,Base frequency,Memory Type,Memory Frequency,Memory bandwidth,Released,Power consumption,Cores,Maximum frequency,Memory Capacity,Memory bus,Drivers,AI Cores,AI Performance (INT8)
0,https://laptopmedia.com/video-card/nvidia-geforce-rtx-4090-laptop-175w/,"NVIDIA GeForce RTX 4090 (Laptop, 175W)",#1 in Top GPUs,4 nm,Ada Lovelace,up to 1455 MHz,DDR6,20000 MHz,,Q1 2023,175 W,9728,up to 2040 MHz,16 GB,256-bit,www.nvidia.com,,
1,https://laptopmedia.com/video-card/nvidia-geforce-rtx-4080-laptop-175w/,"NVIDIA GeForce RTX 4080 (Laptop, 175W)",#2 in Top GPUs,4 nm,Ada Lovelace,up to 1350 MHz,DDR6,20000 MHz,,Q1 2023,175 W,7424,up to 2280 MHz,12 GB,192-bit,www.nvidia.com,,
2,https://laptopmedia.com/video-card/nvidia-geforce-rtx-4090-laptop-150w/,"NVIDIA GeForce RTX 4090 (Laptop, 150W)",#3 in Top GPUs,4 nm,Ada Lovelace,930 MHz,DDR6,2250 MHz,582 GB/sec,Q1 2023,150 W,9728,1455 MHz,16 GB,256-bit,www.nvidia.com,,
3,https://laptopmedia.com/video-card/nvidia-geforce-rtx-4090-laptop-125w/,"NVIDIA GeForce RTX 4090 (Laptop, 125W)",#4 in Top GPUs,4 nm,Ada Lovelace,up to 1455 MHz,DDR6,20000 MHz,,Q1 2023,125 W,9728,up to 2040 MHz,16 GB,256-bit,www.nvidia.com,,
4,https://laptopmedia.com/video-card/amd-radeon-rx-7800m-xt/,AMD Radeon RX 7800M XT,#5 in Top GPUs,,RDNA,,DDR6,,,Q2 2023,up to 165 W,3840,-,16 GB,,,,
5,https://laptopmedia.com/video-card/nvidia-geforce-rtx-4090-laptop-115w/,"NVIDIA GeForce RTX 4090 (Laptop, 115W)",#6 in Top GPUs,4 nm,Ada Lovelace,up to 1455 MHz,DDR6,20000 MHz,,Q1 2023,115 W,9728,1970 MHz,16 GB,256-bit,www.nvidia.com,,
6,https://laptopmedia.com/video-card/nvidia-geforce-rtx-4080-laptop-140w/,"NVIDIA GeForce RTX 4080 (Laptop, 140W)",#7 in Top GPUs,4 nm,Ada Lovelace,up to 1350 MHz,DDR6,20000 MHz,,Q1 2023,140 W,7424,up to 2280 MHz,12 GB,192-bit,www.nvidia.com,,
7,https://laptopmedia.com/video-card/nvidia-geforce-rtx-4080-laptop-145w/,"NVIDIA GeForce RTX 4080 (Laptop, 145W)",#8 in Top GPUs,4 nm,Ada Lovelace,up to 1350 MHz,DDR6,20000 MHz,,Q1 2023,145 W,7424,up to 2280 MHz,12 GB,192-bit,www.nvidia.com,,
8,https://laptopmedia.com/video-card/nvidia-rtx-5000-ada-generation/,NVIDIA RTX 5000 Ada Generation (Laptop),#9 in Top GPUs,5 nm,Ada Lovelace,1425 MHz,DDR6,2250 MHz,576 GB/sec,Q1 2023,up to 175 W,9728,2115 MHz,16 GB,256-bit,www.nvidia.com,304,"up to 341 TOPS"
9,https://laptopmedia.com/video-card/nvidia-rtx-5000-ada-generation-105w/,NVIDIA RTX 5000 Ada Generation (105W),#10 in Top GPUs,5 nm,Ada Lovelace,1425 MHz,DDR6,2250 MHz,576 GB/sec,Q1 2023,105 W,9728,2115 MHz,16 GB,256-bit,www.nvidia.com,,
10,https://laptopmedia.com/video-card/nvidia-geforce-rtx-4080-laptop-105w/,"NVIDIA GeForce RTX 4080 (Laptop, 105W)",#11 in Top GPUs,4 nm,Ada Lovelace,up to 1350 MHz,DDR6,20000 MHz,,Q1 2023,105 W,7424,up to 2280 MHz,12 GB,192-bit,www.nvidia.com,,
11,https://laptopmedia.com/video-card/nvidia-rtx-5000-ada-generation-95w/,NVIDIA RTX 5000 Ada Generation (95W),#12 in Top GPUs,5 nm,Ada Lovelace,1425 MHz,DDR6,2250 MHz,576 GB/sec,Q1 2023,95 W,9728,2115 MHz,16 GB,256-bit,www.nvidia.com,,
12,https://laptopmedia.com/video-card/nvidia-rtx-4000-ada-generation/,NVIDIA RTX 4000 Ada Generation (Laptop),#13 in Top GPUs,5 nm,Ada Lovelace,1290 MHz,DDR6,2250 MHz,432 GB/sec,Q1 2023,up to 175 W,7424,1665 MHz,12 GB,192-bit,www.nvidia.com,232,"up to 258 TOPS"
13,https://laptopmedia.com/video-card/nvidia-geforce-rtx-4080-laptop-80w/,"NVIDIA GeForce RTX 4080 (Laptop, 80W)",#14 in Top GPUs,4 nm,Ada Lovelace,up to 1350 MHz,DDR6,20000 MHz,,Q1 2023,80 W,7424,up to 2280 MHz,12 GB,192-bit,www.nvidia.com,,
14,https://laptopmedia.com/video-card/nvidia-geforce-rtx-4080-laptop-115w/,"NVIDIA GeForce RTX 4080 (Laptop, 115W)",#15 in Top GPUs,4 nm,Ada Lovelace,up to 1350 MHz,DDR6,20000 MHz,,Q1 2023,115 W,7424,up to 2280 MHz,12 GB,192-bit,www.nvidia.com,,
15,https://laptopmedia.com/video-card/nvidia-geforce-rtx-3080-ti-laptop-175w/,"NVIDIA GeForce RTX 3080 Ti (Laptop, 175W)",#16 in Top GPUs,8 nm,GA103 / Ampere,975 MHz,DDR6,14000 MHz,,Q1 2022,175 W,7424,1640 MHz,16 GB,256-bit,www.nvidia.com,,
16,https://laptopmedia.com/video-card/nvidia-geforce-rtx-4070-laptop-125w/,"NVIDIA GeForce RTX 4070 (Laptop, 125W)",#17 in Top GPUs,4 nm,Ada Lovelace,up to 1230 MHz,DDR6,16000 MHz,,Q1 2023,125 W,4608,up to 2175 MHz,8 GB,128-bit,www.nvidia.com,,
17,https://laptopmedia.com/video-card/nvidia-rtx-3500-ada-generation/,NVIDIA RTX 3500 Ada Generation (Laptop),#18 in Top GPUs,5 nm,Ada Lovelace,1290 MHz,DDR6,2250 MHz,432 GB/sec,Q1 2023,up to 140 W,5120,1665 MHz,12 GB,192-bit,www.nvidia.com,160,"up to 127 TOPS"
18,https://laptopmedia.com/video-card/nvidia-geforce-rtx-3080-ti-laptop-150w/,"NVIDIA GeForce RTX 3080 Ti (Laptop, 150W)",#19 in Top GPUs,8 nm,GA103 / Ampere,975 MHz,DDR6,14000 MHz,,Q1 2022,150 W,7424,1505 MHz,16 GB,256-bit,www.nvidia.com,,
19,https://laptopmedia.com/video-card/nvidia-geforce-rtx-4070-laptop-140w/,"NVIDIA GeForce RTX 4070 (Laptop, 140W)",#20 in Top GPUs,4 nm,Ada Lovelace,2070 MHz,DDR6,2000 MHz,256 GB/sec,Q1 2023,140 W,4608,2175 MHz,8 GB,128-bit,www.nvidia.com,,
20,https://laptopmedia.com/video-card/nvidia-geforce-rtx-4070-laptop-110w/,"NVIDIA GeForce RTX 4070 (Laptop, 110W)",#21 in Top GPUs,4 nm,Ada Lovelace,1495 MHz,DDR6,1975 MHz,253 GB/sec,Q1 2023,110 W,4608,1795 MHz,8 GB,128-bit,www.nvidia.com,,
21,https://laptopmedia.com/video-card/nvidia-geforce-rtx-4070-laptop-115w/,"NVIDIA GeForce RTX 4070 (Laptop, 115W)",#22 in Top GPUs,4 nm,Ada Lovelace,up to 1230 MHz,DDR6,16000 MHz,,Q1 2023,115 W,4608,up to 2175 MHz,8 GB,128-bit,www.nvidia.com,,
22,https://laptopmedia.com/video-card/nvidia-geforce-rtx-3080-laptop-165w/,"NVIDIA GeForce RTX 3080 (Laptop, 165W)",#23 in Top GPUs,8 nm,GA104 Ampere,1350 MHz,DDR6,1750 MHz,448 GB/sec,Q1 2021,165 W,6144,1710 MHz,up to 16 GB,256-bit,www.nvidia.com,,
23,https://laptopmedia.com/video-card/nvidia-geforce-rtx-4070-laptop-120w/,"NVIDIA GeForce RTX 4070 (Laptop, 120W)",#24 in Top GPUs,4 nm,Ada Lovelace,up to 1230 MHz,DDR6,16000 MHz,,Q1 2023,120 W,4608,up to 2175 MHz,8 GB,128-bit,www.nvidia.com,,
24,https://laptopmedia.com/video-card/nvidia-geforce-rtx-4070-laptop-100w/,"NVIDIA GeForce RTX 4070 (Laptop, 100W)",#25 in Top GPUs,4 nm,Ada Lovelace,up to 1230 MHz,DDR6,16000 MHz,,Q1 2023,100 W,4608,up to 2175 MHz,8 GB,128-bit,www.nvidia.com,,
25,https://laptopmedia.com/video-card/nvidia-geforce-rtx-3080-laptop-150w/,"NVIDIA GeForce RTX 3080 (Laptop, 150W)",#26 in Top GPUs,8 nm,GA104 Ampere,1185 MHz,DDR6,1750 MHz,448 GB/sec,Q1 2021,150 W,6144,1605 MHz,up to 16 GB,256-bit,www.nvidia.com,,
26,https://laptopmedia.com/video-card/nvidia-geforce-rtx-4070-laptop-130w/,"NVIDIA GeForce RTX 4070 (Laptop, 130W)",#27 in Top GPUs,4 nm,Ada Lovelace,up to 1230 MHz,DDR6,16000 MHz,,Q1 2023,130 W,4608,2175 MHz,8 GB,128-bit,www.nvidia.com,,
27,https://laptopmedia.com/video-card/nvidia-geforce-rtx-3080-ti-laptop-130w/,"NVIDIA GeForce RTX 3080 Ti (Laptop, 130W)",#28 in Top GPUs,8 nm,GA103S / Ampere,975 MHz,DDR6,2000 MHz,512 GB/sec,Q1 2022,130 W,7424,1500 MHz,16 GB,256-bit,www.nvidia.com,,
28,https://laptopmedia.com/video-card/nvidia-geforce-rtx-3080-ti-laptop/,NVIDIA GeForce RTX 3080 Ti (Laptop),#29 in Top GPUs,8 nm,GA103 / Ampere,975 MHz,DDR6,14000 MHz,,Q1 2022,165+ W,7424,1590 MHz,16 GB,256-bit,www.nvidia.com,232,"up to 189 TOPS"
29,https://laptopmedia.com/video-card/nvidia-rtx-3000-ada-generation/,NVIDIA RTX 3000 Ada Generation (Laptop),#30 in Top GPUs,5 nm,Ada Lovelace,1395 MHz,DDR6,2000 MHz,256 GB/sec,Q1 2023,up to 140 W,4608,1695 MHz,8 GB,128-bit,www.nvidia.com,144,"up to 125 TOPS"
30,https://laptopmedia.com/video-card/amd-radeon-rx-6850m-xt/,AMD Radeon RX 6850M XT,#31 in Top GPUs,7 nm,RDNA 2,,DDR6,18000 MHz,432 GB/sec,Q1 2022,165 W,2560,2463 MHz,12 GB,192-bit,www.amd.com,,
31,https://laptopmedia.com/video-card/nvidia-geforce-rtx-3070-ti-laptop-150w/,"NVIDIA GeForce RTX 3070 Ti (Laptop, 150W)",#32 in Top GPUs,8 nm,GA104 / Ampere,915 MHz,DDR6,1750 MHz,448 GB/sec,Q1 2022,150 W,5888,1410 MHz,8 GB,256-bit,www.nvidia.com,,
32,https://laptopmedia.com/video-card/nvidia-geforce-rtx-4070-laptop/,NVIDIA GeForce RTX 4070 (Laptop),#33 in Top GPUs,4 nm,Ada Lovelace,1230 MHz,DDR6,16000 MHz,,Q1 2023,up to 165 W,4608,2175 MHz,8 GB,128-bit,www.nvidia.com,144,"up to 160 TOPS"
33,https://laptopmedia.com/video-card/nvidia-geforce-rtx-4070-laptop-105w/,"NVIDIA GeForce RTX 4070 (Laptop, 105W)",#34 in Top GPUs,4 nm,Ada Lovelace,up to 1230 MHz,DDR6,16000 MHz,,Q1 2023,105 W,4608,up to 2175 MHz,8 GB,128-bit,www.nvidia.com,,
34,https://laptopmedia.com/video-card/nvidia-geforce-rtx-3080-laptop-140w/,"NVIDIA GeForce RTX 3080 (Laptop, 140W)",#35 in Top GPUs,8 nm,GA104 Ampere,1185 MHz,DDR6,1750 MHz,448 GB/sec,Q1 2021,140 W,6144,1605 MHz,up to 16 GB,256-bit,www.nvidia.com,,
35,https://laptopmedia.com/video-card/nvidia-geforce-rtx-4070-laptop-90w/,"NVIDIA GeForce RTX 4070 (Laptop, 90W)",#36 in Top GPUs,4 nm,Ada Lovelace,up to 1230 MHz,DDR6,16000 MHz,,Q1 2023,90 W,4608,up to 2175 MHz,8 GB,128-bit,www.nvidia.com,,
36,https://laptopmedia.com/video-card/amd-radeon-rx-6800m/,AMD Radeon RX 6800M,#37 in Top GPUs,7 nm,RDNA 2,2116 MHz,DDR6,2000 MHz,384 GB/sec,Q2 2021,up to 145+ W,2560,2300 MHz,12 GB,192-bit,www.amd.com,,
37,https://laptopmedia.com/video-card/nvidia-geforce-rtx-4070-laptop-95w/,"NVIDIA GeForce RTX 4070 (Laptop, 95W)",#38 in Top GPUs,4 nm,Ada Lovelace,735 MHz,DDR6,2000 MHz,259 GB/sec,Q1 2023,95 W,4608,1230 MHz,8 GB,128-bit,www.nvidia.com,,
38,https://laptopmedia.com/video-card/nvidia-geforce-rtx-3080-laptop-130w/,"NVIDIA GeForce RTX 3080 (Laptop, 130W)",#39 in Top GPUs,8 nm,GA104 Ampere,1185 MHz,DDR6,1750 MHz,448 GB/sec,Q1 2021,130 W,6144,1605 MHz,up to 16 GB,256-bit,www.nvidia.com,,
39,https://laptopmedia.com/video-card/nvidia-geforce-rtx-4060-laptop-125w/,"NVIDIA GeForce RTX 4060 (Laptop, 125W)",#40 in Top GPUs,4 nm,Ada Lovelace,up to 1470 MHz,DDR6,16000 MHz,,Q1 2023,125 W,3072,up to 2370 MHz,8 GB,128-bit,www.nvidia.com,,
40,https://laptopmedia.com/video-card/nvidia-geforce-rtx-3070-ti-laptop-140w/,"NVIDIA GeForce RTX 3070 Ti (Laptop, 140W)",#41 in Top GPUs,8 nm,GA104 / Ampere,510 MHz,DDR6,1500 MHz,384 GB/sec,Q1 2022,140 W,5888,1200 MHz,8 GB,256-bit,www.nvidia.com,,
41,https://laptopmedia.com/video-card/nvidia-geforce-rtx-4070-laptop-80w/,"NVIDIA GeForce RTX 4070 (Laptop, 80W)",#42 in Top GPUs,4 nm,Ada Lovelace,735 MHz,DDR6,2000 MHz,259 GB/sec,Q1 2023,80 W,4608,1230 MHz,8 GB,128-bit,www.nvidia.com,,
42,https://laptopmedia.com/video-card/nvidia-geforce-rtx-4060-laptop-110w/,"NVIDIA GeForce RTX 4060 (Laptop, 110W)",#43 in Top GPUs,4 nm,Ada Lovelace,1620 MHz,DDR6,1975 MHz,253 GB/sec,Q1 2023,110 W,3072,2010 MHz,8 GB,128-bit,www.nvidia.com,,
43,https://laptopmedia.com/video-card/nvidia-geforce-rtx-4060-laptop-130w/,"NVIDIA GeForce RTX 4060 (Laptop, 130W)",#44 in Top GPUs,4 nm,Ada Lovelace,up to 1470 MHz,DDR6,16000 MHz,,Q1 2023,130 W,3072,2370 MHz,8 GB,128-bit,www.nvidia.com,,
44,https://laptopmedia.com/video-card/nvidia-geforce-rtx-3080-laptop/,NVIDIA GeForce RTX 3080 (Laptop),#45 in Top GPUs,8 nm,GA104 Ampere,1110 MHz,DDR6,up to 1750 MHz,448 GB/sec,Q1 2021,up to 165 W,6144,1545 MHz,up to 16 GB,256-bit,www.nvidia.com,192,"up to 168 TOPS"
45,https://laptopmedia.com/video-card/intel-arc-a770m/,Intel Arc A770M,#46 in Top GPUs,6 nm,Alchemist / Xe HPG,1650 MHz,DDR6,16000 MHz,512 GB/sec,Q1 2022,up to 150 W,32,-,16 GB,256-bit,www.intel.com,,
46,https://laptopmedia.com/video-card/nvidia-geforce-rtx-3080-ti-laptop-105w/,"NVIDIA GeForce RTX 3080 Ti (Laptop, 105W)",#47 in Top GPUs,8 nm,GA103 / Ampere,975 MHz,DDR6,14000 MHz,,Q1 2022,105 W,7424,1175 MHz,16 GB,256-bit,www.nvidia.com,,
47,https://laptopmedia.com/video-card/nvidia-geforce-rtx-3070-laptop-140w/,"NVIDIA GeForce RTX 3070 (Laptop, 140W)",#48 in Top GPUs,8 nm,Ampere,up to 1215 MHz,DDR6,1750 MHz,384 GB/sec,Q1 2021,140 W,5120,up to 1720 MHz,8 GB,256-bit,www.nvidia.com,,
48,https://laptopmedia.com/video-card/nvidia-geforce-rtx-3070-laptop-130w/,"NVIDIA GeForce RTX 3070 (Laptop, 130W)",#49 in Top GPUs,8 nm,Ampere,1215 MHz,DDR6,1750 MHz,384 GB/sec,Q1 2021,130 W,5120,1620 MHz,8 GB,256-bit,www.nvidia.com,,
49,https://laptopmedia.com/video-card/nvidia-geforce-rtx-4060-laptop-115w/,"NVIDIA GeForce RTX 4060 (Laptop, 115W)",#50 in Top GPUs,4 nm,Ada Lovelace,up to 1470 MHz,DDR6,16000 MHz,,Q1 2023,115 W,3072,2370 MHz,8 GB,128-bit,www.nvidia.com,,
50,https://laptopmedia.com/video-card/nvidia-geforce-rtx-4060-laptop-120w/,"NVIDIA GeForce RTX 4060 (Laptop, 120W)",#51 in Top GPUs,4 nm,Ada Lovelace,up to 1470 MHz,DDR6,16000 MHz,,Q1 2023,120 W,3072,up to 2370 MHz,8 GB,128-bit,www.nvidia.com,,
51,https://laptopmedia.com/video-card/nvidia-geforce-rtx-4060-laptop-140w/,"NVIDIA GeForce RTX 4060 (Laptop, 140W)",#52 in Top GPUs,4 nm,Ada Lovelace,1920 MHz,DDR6,2000 MHz,256 GB/sec,Q1 2023,140 W,3072,2250 MHz,8 GB,128-bit,www.nvidia.com,,
52,https://laptopmedia.com/video-card/nvidia-geforce-rtx-3070-ti-laptop/,NVIDIA GeForce RTX 3070 Ti (Laptop),#53 in Top GPUs,8 nm,GA104 / Ampere,915 MHz,DDR6,14000 MHz,,Q1 2022,125+ W,5888,1485 MHz,8 GB,256-bit,www.nvidia.com,184,"up to 140 TOPS"
53,https://laptopmedia.com/video-card/nvidia-rtx-a5500-laptop-130w/,"NVIDIA RTX A5500 (Laptop, 130W)",#54 in Top GPUs,8 nm,GA103S / Ampere,975 MHz,DDR6,2000 MHz,512 GB/sec,Q1 2022,130 W,7424,1500 MHz,up to 16 GB,256-bit,www.nvidia.com,,
54,https://laptopmedia.com/video-card/nvidia-rtx-a5500-laptop/,NVIDIA RTX A5500 (Laptop),#55 in Top GPUs,8 nm,GA103S,900 MHz,DDR6,2000 MHz,448 GB/sec,Q1 2022,up to 165 W,7424,1575 MHz,up to 16 GB,256-bit,www.nvidia.com,232,"up to 198 TOPS"
55,https://laptopmedia.com/video-card/nvidia-geforce-rtx-3080-laptop-100w/,"NVIDIA GeForce RTX 3080 (Laptop, 100W)",#56 in Top GPUs,8 nm,GA104 Ampere,up to 1110 MHz,DDR6,up to 1750 MHz,up to 448 GB/sec,Q1 2021,100 W,6144,up to 1710 MHz,up to 16 GB,256-bit,www.nvidia.com,,
56,https://laptopmedia.com/video-card/nvidia-geforce-rtx-3070-ti-laptop-130w/,"NVIDIA GeForce RTX 3070 Ti (Laptop, 130W)",#57 in Top GPUs,8 nm,GA104 / Ampere,915 MHz,DDR6,1750 MHz,,Q1 2022,130 W,5888,1485 MHz,8 GB,256-bit,www.nvidia.com,,
57,https://laptopmedia.com/video-card/nvidia-geforce-rtx-2080-super-laptop/,NVIDIA GeForce RTX 2080 SUPER (Laptop),#58 in Top GPUs,12 nm,Turing (TU104),up to 1560 MHz,DDR6,up to 14000 MHz,496 GB/sec,Q2 2020,up to 200 W,3072,up to 1740 MHz,8 GB,256-bit,www.nvidia.com,384,"up to 153 TOPS"
58,https://laptopmedia.com/video-card/amd-radeon-rx-7700s/,AMD Radeon RX 7700S,#59 in Top GPUs,6 nm,Navi 33 / RDNA 3,,DDR6,18000 MHz,288 GB/sec,Q1 2023,100 W,2048,2200 MHz,8 GB,128-bit,www.amd.com,,
59,https://laptopmedia.com/video-card/nvidia-geforce-rtx-4060-laptop/,NVIDIA GeForce RTX 4060 (Laptop),#60 in Top GPUs,4 nm,Ada Lovelace,1470 MHz,DDR6,16000 MHz,,Q1 2023,up to 165 W,3072,2370 MHz,8 GB,128-bit,www.nvidia.com,96,"up to 116 TOPS"
60,https://laptopmedia.com/video-card/nvidia-geforce-rtx-3080-laptop-110w/,"NVIDIA GeForce RTX 3080 (Laptop, 110W)",#61 in Top GPUs,8 nm,GA104 Ampere,780 MHz,DDR6,up to 1750 MHz,384 GB/sec,Q1 2021,110 W,6144,1245 MHz,up to 16 GB,256-bit,www.nvidia.com,,
61,https://laptopmedia.com/video-card/nvidia-geforce-rtx-4060-laptop-105w/,"NVIDIA GeForce RTX 4060 (Laptop, 105W)",#62 in Top GPUs,4 nm,Ada Lovelace,up to 1470 MHz,DDR6,16000 MHz,,Q1 2023,105 W,3072,up to 2370 MHz,8 GB,128-bit,www.nvidia.com,,
62,https://laptopmedia.com/video-card/intel-arc-a730m/,Intel Arc A730M,#63 in Top GPUs,6 nm,Alchemist / Xe HPG,1100 MHz,DDR6,14000 MHz,336 GB/sec,Q1 2022,up to 120 W,24,-,12 GB,192-bit,www.intel.com,,
63,https://laptopmedia.com/video-card/nvidia-geforce-rtx-2080-laptop/,NVIDIA GeForce RTX 2080 (Laptop),#64 in Top GPUs,12 nm,TU104/Turing,1380 MHz,DDR6,14000 MHz,448 GB/sec,Q1 2019,150 W,2944,1590 MHz,8 GB,256-bit,www.nvidia.com,368,"up to 150 TOPS"
64,https://laptopmedia.com/video-card/nvidia-rtx-a5000-laptop/,NVIDIA RTX A5000 (Laptop),#65 in Top GPUs,8 nm,Ampere / GA102,,DDR6,,448 GB/sec,Q2 2021,up to 165 W,6144,-,16 GB,256-bit,www.nvidia.com,192,"up to 174 TOPS"
65,https://laptopmedia.com/video-card/nvidia-geforce-rtx-4060-laptop-90w/,"NVIDIA GeForce RTX 4060 (Laptop, 90W)",#66 in Top GPUs,4 nm,Ada Lovelace,up to 1470 MHz,DDR6,16000 MHz,,Q1 2023,90 W,3072,up to 2370 MHz,8 GB,128-bit,www.nvidia.com,,
66,https://laptopmedia.com/video-card/nvidia-geforce-rtx-3070-ti-laptop-100w/,"NVIDIA GeForce RTX 3070 Ti (Laptop, 100W)",#67 in Top GPUs,8 nm,GA104 / Ampere,510 MHz,DDR6,1500 MHz,384 GB/sec,Q1 2022,100 W,5888,1200 MHz,8 GB,256-bit,www.nvidia.com,,
67,https://laptopmedia.com/video-card/nvidia-geforce-rtx-3070-ti-laptop-115w/,"NVIDIA GeForce RTX 3070 Ti (Laptop, 115W)",#68 in Top GPUs,8 nm,GA104 / Ampere,510 MHz,DDR6,1500 MHz,384 GB/sec,Q1 2022,115 W,5888,1035 MHz,8 GB,256-bit,www.nvidia.com,,
68,https://laptopmedia.com/video-card/nvidia-geforce-rtx-2080-super-laptop-150w/,"NVIDIA GeForce RTX 2080 SUPER (Laptop, 150W)",#69 in Top GPUs,12 nm,Turing (TU104),1365 MHz,DDR6,14000 MHz,448 GB/sec,Q2 2020,150 W,3072,1560 MHz,8 GB,256-bit,www.nvidia.com,,
69,https://laptopmedia.com/video-card/nvidia-rtx-a4000-laptop/,NVIDIA RTX A4000 (Laptop),#70 in Top GPUs,8 nm,Ampere / GA104,,DDR6,,384 GB/sec,Q2 2021,up to 140 W,5120,-,8 GB,256-bit,www.nvidia.com,160,"up to 142 TOPS"
70,https://laptopmedia.com/video-card/nvidia-geforce-rtx-3070-ti-laptop-105w/,"NVIDIA GeForce RTX 3070 Ti (Laptop, 105W)",#71 in Top GPUs,8 nm,GA104 / Ampere,510 MHz,DDR6,1500 MHz,384 GB/sec,Q1 2022,105 W,5888,1035 MHz,8 GB,256-bit,www.nvidia.com,,
71,https://laptopmedia.com/video-card/nvidia-geforce-rtx-3080-laptop-95w/,"NVIDIA GeForce RTX 3080 (Laptop, 95W)",#72 in Top GPUs,8 nm,GA104 Ampere,780 MHz,DDR6,1500 MHz,384 GB/sec,Q1 2021,95 W,6144,1245 MHz,up to 16 GB,256-bit,www.nvidia.com,,
72,https://laptopmedia.com/video-card/nvidia-geforce-rtx-4060-laptop-80w/,"NVIDIA GeForce RTX 4060 (Laptop, 80W)",#73 in Top GPUs,4 nm,Ada Lovelace,1545 MHz,DDR6,2000 MHz,266 GB/sec,Q1 2023,80 W,3072,1890 MHz,8 GB,128-bit,www.nvidia.com,,
73,https://laptopmedia.com/video-card/nvidia-geforce-rtx-4070-laptop-65w/,"NVIDIA GeForce RTX 4070 (Laptop, 65W)",#75 in Top GPUs,4 nm,Ada Lovelace,735 MHz,DDR6,2000 MHz,259 GB/sec,Q1 2023,65 W,4608,1230 MHz,8 GB,128-bit,www.nvidia.com,,
74,https://laptopmedia.com/video-card/amd-radeon-rx-6700m/,AMD Radeon RX 6700M,#74 in Top GPUs,7 nm,RDNA 2,,DDR6,2000 MHz,320 GB/sec,Q2 2021,up to 135 W,2304,2300 MHz,10 GB,160-bit,www.amd.com,,
75,https://laptopmedia.com/video-card/nvidia-geforce-rtx-3080-ti-laptop-165w/,"NVIDIA GeForce RTX 3080 Ti (Laptop, 165W)",#76 in Top GPUs,8 nm,GA103 / Ampere,975 MHz,DDR6,14000 MHz,,Q1 2022,165 W,7424,1445 MHz,16 GB,256-bit,www.nvidia.com,,
76,https://laptopmedia.com/video-card/nvidia-geforce-rtx-3070-laptop-110w/,"NVIDIA GeForce RTX 3070 (Laptop, 110W)",#77 in Top GPUs,8 nm,Ampere,780 MHz,DDR6,1500 MHz,384 GB/sec,Q1 2021,110 W,5120,1290 MHz,8 GB,256-bit,www.nvidia.com,,
77,https://laptopmedia.com/video-card/nvidia-geforce-rtx-3070-laptop/,NVIDIA GeForce RTX 3070 (Laptop),#78 in Top GPUs,8 nm,Ampere,up to 1215 MHz,DDR6,up to 1750 MHz,448 GB/sec,Q1 2021,up to 140 W,5120,up to 1620 MHz,8 GB,256-bit,www.nvidia.com,160,"up to 133 TOPS"
78,https://laptopmedia.com/video-card/nvidia-geforce-rtx-3070-ti-laptop-120w/,"NVIDIA GeForce RTX 3070 Ti (Laptop, 120W)",#79 in Top GPUs,8 nm,GA104 / Ampere,915 MHz,DDR6,14000 MHz,,Q1 2022,120 W,5888,1085 MHz,8 GB,256-bit,www.nvidia.com,,
79,https://laptopmedia.com/video-card/nvidia-geforce-rtx-4060-laptop-100w/,"NVIDIA GeForce RTX 4060 (Laptop, 100W)",#80 in Top GPUs,4 nm,Ada Lovelace,up to 1470 MHz,DDR6,16000 MHz,,Q1 2023,100 W,3072,up to 2370 MHz,8 GB,128-bit,www.nvidia.com,,
80,https://laptopmedia.com/video-card/nvidia-rtx-a4500-laptop-135w/,"NVIDIA RTX A4500 (Laptop, 135W)",#81 in Top GPUs,8 nm,GA104,855 MHz,DDR6,2000 MHz,,Q1 2022,135 W,5888,1455 MHz,8 GB,256-bit,www.nvidia.com,,
81,https://laptopmedia.com/video-card/nvidia-geforce-rtx-4070-laptop-70w/,"NVIDIA GeForce RTX 4070 (Laptop, 70W)",#82 in Top GPUs,4 nm,Ada Lovelace,735 MHz,DDR6,2000 MHz,259 GB/sec,Q1 2023,70 W,4608,1230 MHz,8 GB,128-bit,www.nvidia.com,,
82,https://laptopmedia.com/video-card/nvidia-rtx-3000-ada-generation-60w/,NVIDIA RTX 3000 Ada Generation (60W),#83 in Top GPUs,5 nm,Ada Lovelace,1005 MHz,DDR6,2000 MHz,256 GB/sec,Q1 2023,60 W,4608,1635 MHz,8 GB,128-bit,www.nvidia.com,,
83,https://laptopmedia.com/video-card/nvidia-geforce-rtx-2080-super-max-q-90w/,NVIDIA GeForce RTX 2080 SUPER Max-Q (90W),#84 in Top GPUs,12 nm,Turing (TU104),975 MHz,DDR6,up to 11000 MHz,352 GB/sec,Q2 2020,90 W,3072,1230 MHz,8 GB,256-bit,www.nvidia.com,,
84,https://laptopmedia.com/video-card/nvidia-geforce-rtx-4060-laptop-75w/,"NVIDIA GeForce RTX 4060 (Laptop, 75W)",#85 in Top GPUs,4 nm,Ada Lovelace,up to 1470 MHz,DDR6,16000 MHz,,Q1 2023,75 W,3072,up to 2370 MHz,8 GB,128-bit,www.nvidia.com,,
85,https://laptopmedia.com/video-card/nvidia-rtx-2000-ada-generation-80w/,NVIDIA RTX 2000 Ada Generation (80W),#86 in Top GPUs,5 nm,Ada Lovelace,1365 MHz,DDR6,2000 MHz,256 GB/sec,Q1 2023,80 W,3072,1785 MHz,8 GB,128-bit,www.nvidia.com,,
86,https://laptopmedia.com/video-card/amd-radeon-rx-7600s-95w/,AMD Radeon RX 7600S (95W),#87 in Top GPUs,6 nm,Navi 33 / RDNA 3,,DDR6,16000 MHz,256 GB/sec,Q1 2023,95 W,1792,1865 MHz,8 GB,128-bit,www.amd.com,,
87,https://laptopmedia.com/video-card/nvidia-geforce-rtx-3070-laptop-95w/,"NVIDIA GeForce RTX 3070 (Laptop, 95W)",#88 in Top GPUs,8 nm,Ampere,780 MHz,DDR6,1500 MHz,384 GB/sec,Q1 2021,95 W,5120,1290 MHz,8 GB,256-bit,www.nvidia.com,,
88,https://laptopmedia.com/video-card/amd-radeon-rx-7600s/,AMD Radeon RX 7600S,#89 in Top GPUs,6 nm,Navi 33 / RDNA 3,,DDR6,16000 MHz,256 GB/sec,Q1 2023,75 W,1792,1865 MHz,8 GB,128-bit,www.amd.com,,
89,https://laptopmedia.com/video-card/amd-radeon-rx-6800s/,AMD Radeon RX 6800S,#90 in Top GPUs,7 nm,RDNA 2 / Navi 22,,DDR6,16000 MHz,256 GB/sec,Q1 2022,up to 100 W,2560,1975 MHz,12 GB,128-bit,www.amd.com,,
90,https://laptopmedia.com/video-card/nvidia-geforce-rtx-3070-laptop-105w/,"NVIDIA GeForce RTX 3070 (Laptop, 105W)",#91 in Top GPUs,8 nm,Ampere,up to 1110 MHz,DDR6,up to 1500 MHz,384 GB/sec,Q1 2021,105 W,5120,up to 1620 MHz,8 GB,256-bit,www.nvidia.com,,
91,https://laptopmedia.com/video-card/nvidia-geforce-rtx-4050-laptop-95w/,"NVIDIA GeForce RTX 4050 (Laptop, 95W)",#92 in Top GPUs,4 nm,Ada Lovelace,1785 MHz,DDR6,2000 MHz,197 GB/sec,Q1 2023,95 W,2560,2130 MHz,6 GB,96-bit,www.nvidia.com,,
92,https://laptopmedia.com/video-card/nvidia-geforce-rtx-3070-laptop-100w/,"NVIDIA GeForce RTX 3070 (Laptop, 100W)",#93 in Top GPUs,8 nm,Ampere,780 MHz,DDR6,up to 1500 MHz,384 GB/sec,Q1 2021,100 W,5120,1290 MHz,8 GB,256-bit,www.nvidia.com,,
93,https://laptopmedia.com/video-card/nvidia-geforce-rtx-3060-laptop-140w/,"NVIDIA GeForce RTX 3060 (Laptop, 140W)",#94 in Top GPUs,8 nm,GA106 Ampere,1387 MHz,DDR6,1750 MHz,336 GB/sec,Q1 2021,140 W,3840,1702 MHz,6 GB,192-bit,www.nvidia.com,,
94,https://laptopmedia.com/video-card/nvidia-geforce-rtx-3060-laptop-130w/,"NVIDIA GeForce RTX 3060 (Laptop, 130W)",#95 in Top GPUs,8 nm,GA106 Ampere,1387 MHz,DDR6,1750 MHz,336 GB/sec,Q1 2021,130 W,3840,1702 MHz,6 GB,192-bit,www.nvidia.com,,
95,https://laptopmedia.com/video-card/nvidia-rtx-2000-ada-generation-65w/,NVIDIA RTX 2000 Ada Generation (65W),#96 in Top GPUs,5 nm,Ada Lovelace,1365 MHz,DDR6,2000 MHz,256 GB/sec,Q1 2023,up to 65 W,3072,1785 MHz,8 GB,128-bit,www.nvidia.com,,
96,https://laptopmedia.com/video-card/nvidia-rtx-3000-ada-generation-50w/,NVIDIA RTX 3000 Ada Generation (50W),#97 in Top GPUs,5 nm,Ada Lovelace,1005 MHz,DDR6,2000 MHz,256 GB/sec,Q1 2023,50 W,4608,1635 MHz,8 GB,128-bit,www.nvidia.com,,
97,https://laptopmedia.com/video-card/nvidia-geforce-rtx-3080-laptop-90w/,"NVIDIA GeForce RTX 3080 (Laptop, 90W)",#98 in Top GPUs,8 nm,GA104 Ampere,780 MHz,DDR6,1500 MHz,384 GB/sec,Q1 2021,90 W,6144,1245 MHz,up to 16 GB,256-bit,www.nvidia.com,,
98,https://laptopmedia.com/video-card/nvidia-geforce-rtx-4050-laptop-115w/,"NVIDIA GeForce RTX 4050 (Laptop, 115W)",#99 in Top GPUs,4 nm,Ada Lovelace,up to 1605 MHz,DDR6,16000 MHz,,Q1 2023,115 W,2560,up to 2370 MHz,6 GB,96-bit,www.nvidia.com,,
99,https://laptopmedia.com/video-card/nvidia-geforce-rtx-4050-laptop-120w/,"NVIDIA GeForce RTX 4050 (Laptop, 120W)",#100 in Top GPUs,4 nm,Ada Lovelace,up to 1605 MHz,DDR6,16000 MHz,,Q1 2023,120 W,2560,up to 2370 MHz,6 GB,96-bit,www.nvidia.com,,
100,https://laptopmedia.com/video-card/nvidia-geforce-rtx-4050-laptop-140w/,"NVIDIA GeForce RTX 4050 (Laptop, 140W)",#101 in Top GPUs,4 nm,Ada Lovelace,up to 1605 MHz,DDR6,16000 MHz,,Q1 2023,140 W,2560,up to 2370 MHz,6 GB,96-bit,www.nvidia.com,,
101,https://laptopmedia.com/video-card/amd-radeon-rx-6650m/,AMD Radeon RX 6650M,#102 in Top GPUs,7 nm,RDNA 2,,DDR6,18000 MHz,256 GB/sec,Q1 2022,up to 120 W,1792,2222 MHz,8 GB,256-bit,www.amd.com,,
102,https://laptopmedia.com/video-card/nvidia-geforce-rtx-4060-laptop-65w/,"NVIDIA GeForce RTX 4060 (Laptop, 65W)",#103 in Top GPUs,4 nm,Ada Lovelace,up to 1470 MHz,DDR6,16000 MHz,,Q1 2023,65 W,3072,up to 2370 MHz,8 GB,128-bit,www.nvidia.com,,
103,https://laptopmedia.com/video-card/nvidia-geforce-rtx-4050-laptop-130w/,"NVIDIA GeForce RTX 4050 (Laptop, 130W)",#104 in Top GPUs,4 nm,Ada Lovelace,up to 1605 MHz,DDR6,16000 MHz,,Q1 2023,130 W,2560,up to 2370 MHz,6 GB,96-bit,www.nvidia.com,,
104,https://laptopmedia.com/video-card/nvidia-geforce-rtx-4070-laptop-60w/,"NVIDIA GeForce RTX 4070 (Laptop, 60W)",#105 in Top GPUs,4 nm,Ada Lovelace,up to 1230 MHz,DDR6,16000 MHz,,Q1 2023,60 W,4608,up to 2175 MHz,8 GB,128-bit,www.nvidia.com,,
105,https://laptopmedia.com/video-card/amd-radeon-rx-7600m-xt/,AMD Radeon RX 7600M XT,#106 in Top GPUs,6 nm,Navi 33 / RDNA 3,,DDR6,18000 MHz,288 GB/sec,Q1 2023,up to 120W W,2048,2300 MHz,8 GB,128-bit,www.amd.com,,
106,https://laptopmedia.com/video-card/nvidia-geforce-rtx-2080-super-max-q/,NVIDIA GeForce RTX 2080 SUPER Max-Q,#107 in Top GPUs,12 nm,Turing (TU104),up to 975 MHz,DDR6,11000 MHz,352 GB/sec,Q2 2020,up to 90 W,3072,up to 1230 MHz,8 GB,256-bit,www.nvidia.com,,
107,https://laptopmedia.com/video-card/nvidia-geforce-rtx-4050-laptop-105w/,"NVIDIA GeForce RTX 4050 (Laptop, 105W)",#108 in Top GPUs,4 nm,Ada Lovelace,up to 1605 MHz,DDR6,16000 MHz,,Q1 2023,105 W,2560,up to 2370 MHz,6 GB,96-bit,www.nvidia.com,,
108,https://laptopmedia.com/video-card/nvidia-geforce-rtx-3060-laptop-120w/,"NVIDIA GeForce RTX 3060 (Laptop, 120W)",#109 in Top GPUs,8 nm,GA106 Ampere,1387 MHz,DDR6,1750 MHz,336 GB/sec,Q1 2021,120 W,3840,1475 MHz,6 GB,192-bit,www.nvidia.com,,
109,https://laptopmedia.com/video-card/nvidia-rtx-a3000-laptop-135w/,"NVIDIA RTX A3000 (Laptop, 135W)",#110 in Top GPUs,8 nm,Ampere / GA104,,DDR6,,264 GB/sec,Q2 2021,135 W,4096,-,6 GB,192-bit,www.nvidia.com,,
110,https://laptopmedia.com/video-card/nvidia-geforce-rtx-4050-laptop-100w/,"NVIDIA GeForce RTX 4050 (Laptop, 100W)",#111 in Top GPUs,4 nm,Ada Lovelace,up to 1605 MHz,DDR6,16000 MHz,,Q1 2023,100 W,2560,up to 2370 MHz,6 GB,96-bit,www.nvidia.com,,
111,https://laptopmedia.com/video-card/nvidia-geforce-rtx-3060-laptop-125w/,"NVIDIA GeForce RTX 3060 (Laptop, 125W)",#112 in Top GPUs,8 nm,GA106 Ampere,1387 MHz,DDR6,1750 MHz,336 GB/sec,Q1 2021,125 W,3840,1425 MHz,6 GB,192-bit,www.nvidia.com,,
112,https://laptopmedia.com/video-card/nvidia-geforce-rtx-3060-laptop-105w/,"NVIDIA GeForce RTX 3060 (Laptop, 105W)",#113 in Top GPUs,8 nm,GA106 Ampere,up to 900 MHz,DDR6,up to 1750 MHz,336 GB/sec,Q1 2021,105 W,3840,up to 1425 MHz,6 GB,192-bit,www.nvidia.com,,
113,https://laptopmedia.com/video-card/amd-radeon-rx-6700s/,AMD Radeon RX 6700S,#114 in Top GPUs,7 nm,RDNA 2 / Navi 22,,DDR6,16000 MHz,224 GB/sec,Q1 2022,up to 80 W,1792,1890 MHz,8 GB,128-bit,www.amd.com,,
114,https://laptopmedia.com/video-card/nvidia-geforce-rtx-2070-super-laptop/,NVIDIA GeForce RTX 2070 SUPER (Laptop),#115 in Top GPUs,12 nm,Turing (TU104),1140 MHz,DDR6,14000 MHz,448 GB/sec,Q2 2020,115 W,2560,1380 MHz,8 GB,256-bit,www.nvidia.com,320,"up to 113 TOPS"
115,https://laptopmedia.com/video-card/nvidia-rtx-2000-ada-generation/,NVIDIA RTX 2000 Ada Generation (Laptop),#116 in Top GPUs,5 nm,Ada Lovelace,1635 MHz,DDR6,2000 MHz,256 GB/sec,Q1 2023,up to 140 W,3072,2115 MHz,8 GB,128-bit,www.nvidia.com,96,"up to 105 TOPS"
116,https://laptopmedia.com/video-card/nvidia-geforce-rtx-4060-laptop-55w/,"NVIDIA GeForce RTX 4060 (Laptop, 55W)",#117 in Top GPUs,4 nm,Ada Lovelace,up to 1470 MHz,DDR6,16000 MHz,,Q1 2023,55 W,3072,1755 MHz,8 GB,128-bit,www.nvidia.com,,
117,https://laptopmedia.com/video-card/nvidia-geforce-rtx-3070-laptop-85w/,"NVIDIA GeForce RTX 3070 (Laptop, 85W)",#118 in Top GPUs,8 nm,Ampere,780 MHz,DDR6,1500 MHz,384 GB/sec,Q1 2021,85 W,5120,1290 MHz,8 GB,256-bit,www.nvidia.com,,
118,https://laptopmedia.com/video-card/nvidia-geforce-rtx-2080-super-max-q-80w/,NVIDIA GeForce RTX 2080 SUPER Max-Q (80W),#119 in Top GPUs,12 nm,Turing (TU104),735 MHz,DDR6,up to 11000 MHz,352 GB/sec,Q2 2020,80 W,3072,1080 MHz,8 GB,256-bit,www.nvidia.com,,
119,https://laptopmedia.com/video-card/nvidia-geforce-rtx-4060-laptop-60w/,"NVIDIA GeForce RTX 4060 (Laptop, 60W)",#120 in Top GPUs,4 nm,Ada Lovelace,up to 1470 MHz,DDR6,16000 MHz,,Q1 2023,60 W,3072,up to 2370 MHz,8 GB,128-bit,www.nvidia.com,,
120,https://laptopmedia.com/video-card/nvidia-geforce-rtx-4050-laptop-80w/,"NVIDIA GeForce RTX 4050 (Laptop, 80W)",#121 in Top GPUs,4 nm,Ada Lovelace,up to 1605 MHz,DDR6,16000 MHz,,Q1 2023,80 W,2560,up to 2370 MHz,6 GB,96-bit,www.nvidia.com,,
121,https://laptopmedia.com/video-card/nvidia-geforce-rtx-3060-laptop/,NVIDIA GeForce RTX 3060 (Laptop),#122 in Top GPUs,8 nm,GA106 Ampere,up to 1378 MHz,DDR6,1750 MHz,336 GB/sec,Q1 2021,up to 130 W,3840,up to 1702 MHz,6 GB,192-bit,www.nvidia.com,120,"up to 105 TOPS"
122,https://laptopmedia.com/video-card/nvidia-geforce-rtx-3060-laptop-100w-2/,"NVIDIA GeForce RTX 3060 (Laptop, 100W)",#123 in Top GPUs,8 nm,GA106 Ampere,900 MHz,DDR6,up to 1750 MHz,336 GB/sec,Q1 2021,100 W,3840,1425 MHz,6 GB,192-bit,www.nvidia.com,,
123,https://laptopmedia.com/video-card/nvidia-geforce-rtx-4050-laptop/,NVIDIA GeForce RTX 4050 (Laptop),#124 in Top GPUs,4 nm,Ada Lovelace,1605 MHz,DDR6,16000 MHz,,Q1 2023,up to 165 W,2560,2370 MHz,6 GB,96-bit,www.nvidia.com,80,"up to 97 TOPS"
124,https://laptopmedia.com/video-card/nvidia-geforce-rtx-4050-laptop-75w/,"NVIDIA GeForce RTX 4050 (Laptop, 75W)",#125 in Top GPUs,4 nm,Ada Lovelace,up to 1605 MHz,DDR6,16000 MHz,,Q1 2023,75 W,2560,up to 2370 MHz,6 GB,96-bit,www.nvidia.com,,
125,https://laptopmedia.com/video-card/nvidia-geforce-rtx-3060-laptop-80w/,"NVIDIA GeForce RTX 3060 (Laptop, 80W)",#126 in Top GPUs,8 nm,GA106 Ampere,up to 900 MHz,DDR6,up to 1750 MHz,336 GB/sec,Q1 2021,80 W,3840,up to 1425 MHz,6 GB,192-bit,www.nvidia.com,,
126,https://laptopmedia.com/video-card/nvidia-geforce-rtx-3060-laptop-100w/,"NVIDIA GeForce RTX 3060 (Laptop, 95W)",#127 in Top GPUs,8 nm,GA106 Ampere,900 MHz,DDR6,up to 1750 MHz,336 GB/sec,Q1 2021,95 W,3840,1425 MHz,6 GB,192-bit,www.nvidia.com,,
127,https://laptopmedia.com/video-card/amd-radeon-rx-6600s/,AMD Radeon RX 6600S,#128 in Top GPUs,7 nm,RDNA 2,,DDR6,16000 MHz,224 GB/sec,Q1 2022,up to 80 W,1792,1881 MHz,4 GB,128-bit,www.amd.com,,
128,https://laptopmedia.com/video-card/nvidia-geforce-rtx-2070-laptop/,NVIDIA GeForce RTX 2070 (Laptop),#129 in Top GPUs,12 nm,TU106/Turing,1215 MHz,DDR6,14000 MHz,448 GB/sec,Q1 2019,115 W,2304,1440 MHz,8 GB,256-bit,www.nvidia.com,288,"up to 107 TOPS"
129,https://laptopmedia.com/video-card/nvidia-geforce-rtx-2070-super-max-q/,NVIDIA GeForce RTX 2070 SUPER Max-Q,#130 in Top GPUs,12 nm,Turing,up to 1080 MHz,DDR6,up to 11000 MHz,352 GB/sec,Q2 2020,up to 90 W,2560,up to 1290 MHz,8 GB,256-bit,www.nvidia.com,,
130,https://laptopmedia.com/video-card/nvidia-geforce-rtx-4050-laptop-90w/,"NVIDIA GeForce RTX 4050 (Laptop, 90W)",#131 in Top GPUs,4 nm,Ada Lovelace,up to 1605 MHz,DDR6,16000 MHz,,Q1 2023,90 W,2560,up to 2370 MHz,6 GB,96-bit,www.nvidia.com,,
131,https://laptopmedia.com/video-card/nvidia-geforce-rtx-3060-laptop-75w/,"NVIDIA GeForce RTX 3060 (Laptop, 75W)",#132 in Top GPUs,8 nm,GA106 Ampere,817 MHz,DDR6,up to 1750 MHz,282 GB/sec,Q1 2021,75 W,3840,1282 MHz,6 GB,192-bit,www.nvidia.com,,
132,https://laptopmedia.com/video-card/nvidia-rtx-a3000-laptop/,NVIDIA RTX A3000 (Laptop),#133 in Top GPUs,8 nm,Ampere / GA104,,DDR6,,264 GB/sec,Q2 2021,up to 130W W,4096,-,6 GB,192-bit,www.nvidia.com,128,"up to 102 TOPS"
133,https://laptopmedia.com/video-card/nvidia-geforce-rtx-2070-super-max-q-90w/,NVIDIA GeForce RTX 2070 SUPER Max-Q (90W),#134 in Top GPUs,12 nm,Turing,1080 MHz,DDR6,up to 11000 MHz,352 GB/sec,Q2 2020,90 W,2560,1290 MHz,8 GB,256-bit,www.nvidia.com,,
134,https://laptopmedia.com/video-card/nvidia-geforce-rtx-4060-laptop-45w/,"NVIDIA GeForce RTX 4060 (Laptop, 45W)",#135 in Top GPUs,4 nm,Ada Lovelace,up to 1470 MHz,DDR6,16000 MHz,,Q1 2023,45 W,3072,up to 2370 MHz,8 GB,128-bit,www.nvidia.com,,
135,https://laptopmedia.com/video-card/nvidia-geforce-rtx-4050-laptop-65w/,"NVIDIA GeForce RTX 4050 (Laptop, 65W)",#136 in Top GPUs,4 nm,Ada Lovelace,up to 1605 MHz,DDR6,16000 MHz,,Q1 2023,65 W,2560,up to 2370 MHz,6 GB,96-bit,www.nvidia.com,,
136,https://laptopmedia.com/video-card/nvidia-geforce-rtx-4060-laptop-50w/,"NVIDIA GeForce RTX 4060 (Laptop, 50W)",#137 in Top GPUs,4 nm,Ada Lovelace,up to 1470 MHz,DDR6,16000 MHz,,Q1 2023,50 W,3072,up to 2370 MHz,8 GB,128-bit,www.nvidia.com,,
137,https://laptopmedia.com/video-card/nvidia-rtx-2000-ada-generation-50w/,NVIDIA RTX 2000 Ada Generation (50W),#138 in Top GPUs,5 nm,Ada Lovelace,1365 MHz,DDR6,2000 MHz,256 GB/sec,Q1 2023,50 W,3072,1785 MHz,8 GB,128-bit,www.nvidia.com,,
138,https://laptopmedia.com/video-card/nvidia-geforce-rtx-3060-laptop-90w/,"NVIDIA GeForce RTX 3060 (Laptop, 90W)",#139 in Top GPUs,8 nm,GA106 Ampere,900 MHz,DDR6,1750 MHz,336 GB/sec,Q1 2021,90 W,3840,1425 MHz,6 GB,192-bit,www.nvidia.com,,
139,https://laptopmedia.com/video-card/nvidia-geforce-rtx-3060-laptop-85w/,"NVIDIA GeForce RTX 3060 (Laptop, 85W)",#140 in Top GPUs,8 nm,GA106 Ampere,900 MHz,DDR6,1750 MHz,336 GB/sec,Q1 2021,85 W,3840,1425 MHz,6 GB,192-bit,www.nvidia.com,,
140,https://laptopmedia.com/video-card/amd-radeon-rx-6600m/,AMD Radeon RX 6600M,#141 in Top GPUs,7 nm,RDNA 2,,DDR6,2000 MHz,224 GB/sec,Q2 2021,up to 100 W,1792,2177 MHz,8 GB,128-bit,www.amd.com,,
141,https://laptopmedia.com/video-card/nvidia-geforce-rtx-3060-laptop-70w/,"NVIDIA GeForce RTX 3060 (Laptop, 70W)",#142 in Top GPUs,8 nm,GA106 Ampere,817 MHz,DDR6,1500 MHz,288 GB/sec,Q1 2021,70 W,3072,1272 MHz,6 GB,192-bit,www.nvidia.com,,
142,https://laptopmedia.com/video-card/nvidia-geforce-rtx-3060-laptop-65w/,"NVIDIA GeForce RTX 3060 (Laptop, 65W)",#143 in Top GPUs,8 nm,GA106 Ampere,817 MHz,DDR6,1500 MHz,288 GB/sec,Q1 2021,65 W,3072,1272 MHz,6 GB,192-bit,www.nvidia.com,,
143,https://laptopmedia.com/video-card/nvidia-rtx-1000-ada-generation-50w/,NVIDIA RTX 1000 Ada Generation (50W),#144 in Top GPUs,5 nm,Ada Lovelace,990 MHz,DDR6,2000 MHz,192 GB/sec,Q1 2024,50 W,2560,1740 MHz,6 GB,96-bit,www.nvidia.com,,
144,https://laptopmedia.com/video-card/nvidia-geforce-rtx-2060-laptop-115w/,"NVIDIA GeForce RTX 2060 (Laptop, 115W)",#145 in Top GPUs,12 nm,Turing,1005 MHz,DDR6,1750 MHz,336 GB/sec,Q1 2020,115 W,1920,1560 MHz,6 GB,192-bit,www.nvidia.com,,
145,https://laptopmedia.com/video-card/nvidia-geforce-rtx-4050-laptop-45w/,"NVIDIA GeForce RTX 4050 (Laptop, 45W)",#146 in Top GPUs,4 nm,Ada Lovelace,1140 MHz,DDR6,2000 MHz,192 GB/sec,Q1 2023,45 W,2560,1605 MHz,6 GB,96-bit,www.nvidia.com,,
146,https://laptopmedia.com/video-card/nvidia-geforce-rtx-2070-max-q/,NVIDIA GeForce RTX 2070 Max-Q,#147 in Top GPUs,12 nm,TU106/Turing,up to 1080 MHz,DDR6,12000 MHz,384 GB/sec,Q1 2019,up to 90 W,2304,up to 1305 MHz,8 GB,256-bit,www.nvidia.com,,
147,https://laptopmedia.com/video-card/nvidia-geforce-rtx-4050-laptop-55w/,"NVIDIA GeForce RTX 4050 (Laptop, 55W)",#148 in Top GPUs,4 nm,Ada Lovelace,up to 1605 MHz,DDR6,16000 MHz,,Q1 2023,55 W,2560,up to 2370 MHz,6 GB,96-bit,www.nvidia.com,,
148,https://laptopmedia.com/video-card/nvidia-geforce-rtx-4050-laptop-50w/,"NVIDIA GeForce RTX 4050 (Laptop, 50W)",#149 in Top GPUs,4 nm,Ada Lovelace,up to 1605 MHz,DDR6,16000 MHz,,Q1 2023,50 W,2560,up to 2370 MHz,6 GB,96-bit,www.nvidia.com,,
149,https://laptopmedia.com/video-card/nvidia-geforce-rtx-4070-laptop-50w/,"NVIDIA GeForce RTX 4070 (Laptop, 50W)",#150 in Top GPUs,4 nm,Ada Lovelace,735 MHz,DDR6,2000 MHz,259 GB/sec,Q1 2023,50 W,4608,1230 MHz,8 GB,128-bit,www.nvidia.com,,
150,https://laptopmedia.com/video-card/nvidia-geforce-rtx-2060-6gb/,NVIDIA GeForce RTX 2060 (Laptop),#151 in Top GPUs,12 nm,TU106/Turing,up to 1005 MHz,DDR6,14000 MHz,336 GB/sec,Q1 2019,up to 115 W,1920,up to 1560 MHz,6 GB,192-bit,www.nvidia.com,240,"up to 96 TOPS"
151,https://laptopmedia.com/video-card/amd-radeon-rx-5600m/,AMD Radeon RX 5600M,#152 in Top GPUs,7 nm,Navi 10 / RDNA,1190 MHz,DDR6,12000 MHz,288 GB/sec,Q1 2020,150 W,2304,1265 MHz,6 GB,192-bit,support.amd.com,,
152,https://laptopmedia.com/video-card/intel-arc-a550m/,Intel Arc A550M,#153 in Top GPUs,6 nm,Alchemist / Xe HPG,900 MHz,DDR6,14000 MHz,224 GB/sec,Q1 2022,up to 80 W,16,-,8 GB,128-bit,www.intel.com,,
153,https://laptopmedia.com/video-card/nvidia-geforce-rtx-3050-ti-laptop-75w/,"NVIDIA GeForce RTX 3050 Ti (Laptop, 75W)",#154 in Top GPUs,8 nm,Ampere / GA107,up to 1222 MHz,DDR6,1500 MHz,192 GB/sec,Q2 2021,up to 75 W,2560,up to 1585 MHz,4 GB,128-bit,www.nvidia.com,,
154,https://laptopmedia.com/video-card/nvidia-geforce-rtx-3050-ti-laptop-85w/,"NVIDIA GeForce RTX 3050 Ti (Laptop, 85W)",#155 in Top GPUs,8 nm,Ampere / GA107,up to 1463 MHz,DDR6,1500 MHz,192 GB/sec,Q2 2021,85 W,2560,up to 1695 MHz,4 GB,128-bit,www.nvidia.com,,
155,https://laptopmedia.com/video-card/nvidia-geforce-rtx-3050-ti-laptop-95w/,"NVIDIA GeForce RTX 3050 Ti (Laptop, 95W)",#156 in Top GPUs,8 nm,Ampere / GA107,1222 MHz,DDR6,1500 MHz,198 GB/sec,Q2 2021,95 W,2560,1485 MHz,4 GB,128-bit,www.nvidia.com,,
156,https://laptopmedia.com/video-card/nvidia-geforce-rtx-4050-laptop-60w/,"NVIDIA GeForce RTX 4050 (Laptop, 60W)",#157 in Top GPUs,4 nm,Ada Lovelace,up to 1605 MHz,DDR6,16000 MHz,,Q1 2023,60 W,2560,up to 2370 MHz,6 GB,96-bit,www.nvidia.com,,
157,https://laptopmedia.com/video-card/nvidia-geforce-rtx-2060-laptop-80w/,"NVIDIA GeForce RTX 2060 (Laptop, 80W)",#158 in Top GPUs,12 nm,Turing,960 MHz,DDR6,1750 MHz,336 GB/sec,Q1 2019,80 W,1920,1200 MHz,6 GB,192-bit,www.nvidia.com,,
158,https://laptopmedia.com/video-card/nvidia-geforce-rtx-2060-laptop-90w/,"NVIDIA GeForce RTX 2060 (Laptop, 90W)",#159 in Top GPUs,12 nm,Turing,1005 MHz,DDR6,up to 1750 MHz,336 GB/sec,Q1 2019,90 W,1920,1350 MHz,6 GB,192-bit,www.nvidia.com,,
159,https://laptopmedia.com/video-card/intel-arc-a530m/,Intel Arc A530M,#160 in Top GPUs,6 nm,Alchemist / Xe HPG,900 MHz,DDR6,14000 MHz,224 GB/sec,Q3 2023,up to 95 W,12,1300 MHz,12 GB,128-bit,www.intel.com,,
160,https://laptopmedia.com/video-card/nvidia-geforce-rtx-4050-laptop-35w/,"NVIDIA GeForce RTX 4050 (Laptop, 35W)",#161 in Top GPUs,4 nm,Ada Lovelace,up to 1605 MHz,DDR6,16000 MHz,,Q1 2023,35 W,2560,up to 2370 MHz,6 GB,96-bit,www.nvidia.com,,
161,https://laptopmedia.com/video-card/nvidia-geforce-rtx-3050-ti-laptop-80w/,"NVIDIA GeForce RTX 3050 Ti (Laptop, 80W)",#162 in Top GPUs,8 nm,Ampere / GA107,up to 1463 MHz,DDR6,1500 MHz,192 GB/sec,Q2 2021,80 W,2560,up to 1695 MHz,4 GB,128-bit,www.nvidia.com,,
162,https://laptopmedia.com/video-card/nvidia-rtx-a2000-laptop-80w/,"NVIDIA RTX A2000 (Laptop, 80W)",#163 in Top GPUs,8 nm,Ampere / GA106,1215 MHz,DDR6,1500 MHz,192 GB/sec,Q2 2021,80 W,2560,1687 MHz,4 GB,128-bit,www.nvidia.com,,
163,https://laptopmedia.com/video-card/nvidia-geforce-gtx-1660-ti/,NVIDIA GeForce GTX 1660 Ti (Laptop),#164 in Top GPUs,12 nm,TU116/Turing,1455 MHz,DDR6,12000 MHz,288 GB/sec,Q2 2019,80 W,1536,1590 MHz,6 GB,192-bit,www.nvidia.com,,
164,https://laptopmedia.com/video-card/nvidia-geforce-rtx-3050-laptop-95w/,"NVIDIA GeForce RTX 3050 (Laptop, 95W)",#165 in Top GPUs,8 nm,GA107 Ampere,up to 1238 MHz,DDR6,1500 MHz,192 GB/sec,Q1 2021,95 W,2048,up to 1500 MHz,4 GB,128-bit,www.nvidia.com,,
165,https://laptopmedia.com/video-card/nvidia-rtx-a2000-laptop-65w/,"NVIDIA RTX A2000 (Laptop, 65W)",#166 in Top GPUs,8 nm,Ampere / GA106,1215 MHz,DDR6,1500 MHz,192 GB/sec,Q2 2021,65 W,2560,1687 MHz,4 GB,128-bit,www.nvidia.com,,
166,https://laptopmedia.com/video-card/nvidia-geforce-rtx-3050-laptop-75w-6gb/,"NVIDIA GeForce RTX 3050 (Laptop, 75W, 6GB)",#167 in Top GPUs,8 nm,GA107 Ampere,1237 MHz,DDR6,1750 MHz,168 GB/sec,Q1 2021,75 W,2560,1492 MHz,6 GB,96-bit,www.nvidia.com,,
167,https://laptopmedia.com/video-card/nvidia-geforce-rtx-3050-laptop-85w/,"NVIDIA GeForce RTX 3050 (Laptop, 85W)",#168 in Top GPUs,8 nm,GA107 Ampere,1237 MHz,DDR6,1500 MHz,192 GB/sec,Q1 2021,85 W,2048,1500 MHz,4 GB,128-bit,www.nvidia.com,,
168,https://laptopmedia.com/video-card/nvidia-geforce-rtx-3050-ti-laptop-65w/,"NVIDIA GeForce RTX 3050 Ti (Laptop, 65W)",#169 in Top GPUs,8 nm,Ampere / GA107,735 MHz,DDR6,1375 MHz,176 GB/sec,Q2 2021,65 W,2560,1035 MHz,4 GB,128-bit,www.nvidia.com,,
169,https://laptopmedia.com/video-card/nvidia-geforce-rtx-3050-ti-laptop-60w/,"NVIDIA GeForce RTX 3050 Ti (Laptop, 60W)",#170 in Top GPUs,8 nm,Ampere / GA107,up to 1222 MHz,DDR6,12000 MHz,,Q2 2021,60 W,2560,up to 1485 MHz,4 GB,128-bit,www.nvidia.com,,
170,https://laptopmedia.com/video-card/nvidia-rtx-a2000-laptop/,NVIDIA RTX A2000 (Laptop),#171 in Top GPUs,8 nm,Ampere / GA106,,DDR6,1500 MHz,192 GB/sec,Q2 2021,up to 95 W,2560,-,4 GB,128-bit,www.nvidia.com,80,"up to 74 TOPS"
171,https://laptopmedia.com/video-card/nvidia-geforce-rtx-3050-laptop-70w-6gb/,"NVIDIA GeForce RTX 3050 (Laptop, 70W, 6GB)",#172 in Top GPUs,8 nm,GA107 Ampere,1162 MHz,DDR6,1353 MHz,130 GB/sec,Q1 2021,70 W,2560,1432 MHz,6 GB,96-bit,www.nvidia.com,,
172,https://laptopmedia.com/video-card/nvidia-geforce-rtx-3050-laptop-90w/,"NVIDIA GeForce RTX 3050 (Laptop, 90W)",#173 in Top GPUs,8 nm,GA107 Ampere,1500 MHz,DDR6,1500 MHz,192 GB/sec,Q1 2021,90 W,2048,1740 MHz,4 GB,128-bit,www.nvidia.com,,
173,https://laptopmedia.com/video-card/nvidia-geforce-rtx-3050-ti-laptop-50w/,"NVIDIA GeForce RTX 3050 Ti (Laptop, 50W)",#174 in Top GPUs,8 nm,Ampere / GA107,735 MHz,DDR6,1375 MHz,176 GB/sec,Q2 2021,50 W,2560,1035 MHz,4 GB,128-bit,www.nvidia.com,,
174,https://laptopmedia.com/video-card/nvidia-geforce-rtx-3050-laptop-65w-6gb/,"NVIDIA GeForce RTX 3050 (Laptop, 65W, 6GB)",#175 in Top GPUs,8 nm,GA107 Ampere,1162 MHz,DDR6,1353 MHz,130 GB/sec,Q1 2021,65 W,2560,1432 MHz,6 GB,96-bit,www.nvidia.com,,
175,https://laptopmedia.com/video-card/nvidia-geforce-gtx-1660-ti-max-q/,NVIDIA GeForce GTX 1660 Ti Max-Q,#176 in Top GPUs,12 nm,TU116/ Turing,1140 MHz,DDR6,12000 MHz,288 GB/sec,Q2 2019,60 W,1536,1335 MHz,6 GB,192-bit,www.nvidia.com,,
176,https://laptopmedia.com/video-card/nvidia-geforce-rtx-3050-laptop-75w/,"NVIDIA GeForce RTX 3050 (Laptop, 75W)",#177 in Top GPUs,8 nm,GA107 Ampere,up to 1237 MHz,DDR6,1500 MHz,192 GB/sec,Q1 2021,75 W,2048,up to 1600 MHz,4 GB,128-bit,www.nvidia.com,,
177,https://laptopmedia.com/video-card/nvidia-rtx-a1000-laptop-95w/,"NVIDIA RTX A1000 (Laptop, 95W)",#178 in Top GPUs,8 nm,GA107,1192 MHz,DDR6,14000 MHz,,Q1 2022,95 W,2048,1627 MHz,4 GB,128-bit,www.nvidia.com,,
178,https://laptopmedia.com/video-card/nvidia-geforce-rtx-3050-laptop-63w-6gb/,"NVIDIA GeForce RTX 3050 (Laptop, 63W, 6GB)",#179 in Top GPUs,8 nm,GA107 Ampere,622 MHz,DDR6,1375 MHz,139 GB/sec,Q1 2021,63 W,2560,990 MHz,6 GB,96-bit,www.nvidia.com,,
179,https://laptopmedia.com/video-card/nvidia-rtx-a1000-laptop-65w-6gb/,"NVIDIA RTX A1000 (Laptop, 65W, 6GB)",#180 in Top GPUs,8 nm,GA107,625 MHz,DDR6,1375 MHz,132 GB/sec,Q1 2022,65W W,2048,1297 MHz,6 GB,96-bit,www.nvidia.com,,
180,https://laptopmedia.com/video-card/nvidia-geforce-rtx-3050-laptop-65w/,"NVIDIA GeForce RTX 3050 (Laptop, 65W)",#181 in Top GPUs,8 nm,GA107 Ampere,1237 MHz,DDR6,1500 MHz,192 GB/sec,Q1 2021,65 W,2048,1500 MHz,4 GB,128-bit,www.nvidia.com,,
181,https://laptopmedia.com/video-card/nvidia-geforce-rtx-3050-laptop-60w-6gb/,"NVIDIA GeForce RTX 3050 (Laptop, 60W, 6GB)",#182 in Top GPUs,8 nm,GA107 Ampere,622 MHz,DDR6,1375 MHz,139 GB/sec,Q1 2021,60W W,2560,990 MHz,6 GB,96-bit,www.nvidia.com,,
182,https://laptopmedia.com/video-card/nvidia-geforce-rtx-3050-ti-laptop/,NVIDIA GeForce RTX 3050 Ti (Laptop),#183 in Top GPUs,8 nm,Ampere / GA107,up to 1222 MHz,DDR6,12000 MHz,,Q2 2021,up to 80 W,2560,up to 1485 MHz,4 GB,128-bit,www.nvidia.com,80,"up to 69 TOPS"
183,https://laptopmedia.com/video-card/nvidia-geforce-rtx-3050-laptop-60w/,"NVIDIA GeForce RTX 3050 (Laptop, 60W)",#184 in Top GPUs,8 nm,GA107 Ampere,up to 713 MHz,DDR6,1500 MHz,,Q1 2021,60 W,2048,up to 1500 MHz,4 GB,128-bit,www.nvidia.com,,
184,https://laptopmedia.com/video-card/nvidia-geforce-rtx-3050-ti-laptop-45w/,"NVIDIA GeForce RTX 3050 Ti (Laptop, 45W)",#185 in Top GPUs,8 nm,Ampere / GA107,up to 800 MHz,DDR6,up to 1500 MHz,up to 180 GB/sec,Q2 2021,45 W,2560,up to 1035 MHz,4 GB,128-bit,www.nvidia.com,,
185,https://laptopmedia.com/video-card/nvidia-rtx-500-ada-generation-35w/,NVIDIA RTX 500 Ada Generation (35W),#186 in Top GPUs,5 nm,Ada Lovelace,,DDR6,1500 MHz,128 GB/sec,Q1 2024,35 W,2048,,4 GB,64-bit,www.nvidia.com,,
186,https://laptopmedia.com/video-card/amd-radeon-pro-5600m-8gb-gddr/,AMD Radeon Pro 5600M (8GB HBM2),#187 in Top GPUs,7 nm,Navi / RDNA,1000 MHz,HBM2,770 MHz,394 GB/sec,Q2 2020,50 W,2560,1265 MHz,8 GB,2048-bit,support.amd.com,,
187,https://laptopmedia.com/video-card/nvidia-geforce-rtx-3050-laptop-45w/,"NVIDIA GeForce RTX 3050 (Laptop, 45W)",#188 in Top GPUs,8 nm,GA107 Ampere,712 MHz,DDR6,1353 MHz,173 GB/sec,Q1 2021,45 W,2048,1057 MHz,4 GB,128-bit,www.nvidia.com,,
188,https://laptopmedia.com/video-card/nvidia-geforce-rtx-3050-laptop/,NVIDIA GeForce RTX 3050 (Laptop),#189 in Top GPUs,8 nm,GA107 Ampere,up to 1530 MHz,DDR6,1500 MHz,192 GB/sec,Q1 2021,up to 80 W,2048,up to 1740 MHz,4 GB,128-bit,www.nvidia.com,64,"up to 57 TOPS"
189,https://laptopmedia.com/video-card/nvidia-geforce-rtx-3050-ti-laptop-40w/,"NVIDIA GeForce RTX 3050 Ti (Laptop, 40W)",#190 in Top GPUs,8 nm,Ampere / GA107,up to 800 MHz,DDR6,up to 1500 MHz,up to 180 GB/sec,Q2 2021,40 W,2560,1035 MHz,4 GB,128-bit,www.nvidia.com,,
190,https://laptopmedia.com/video-card/nvidia-geforce-rtx-3050-laptop-55w/,"NVIDIA GeForce RTX 3050 (Laptop, 55W)",#191 in Top GPUs,8 nm,GA107 Ampere,712 MHz,DDR6,1375 MHz,176 GB/sec,Q1 2021,55 W,2048,1057 MHz,4 GB,128-bit,www.nvidia.com,,
191,https://laptopmedia.com/video-card/nvidia-geforce-rtx-3050-laptop-50w-6gb/,"NVIDIA GeForce RTX 3050 (Laptop, 50W, 6GB)",#192 in Top GPUs,8 nm,GA107 Ampere,622 MHz,DDR6,1375 MHz,132 GB/sec,Q1 2021,50 W,2560,990 MHz,6 GB,96-bit,www.nvidia.com,,
192,https://laptopmedia.com/video-card/amd-radeon-rx-6500m/,AMD Radeon RX 6500M,#193 in Top GPUs,6 nm,RDNA 2,,DDR6,18000 MHz,128 GB/sec,Q1 2022,up to 50 W,1024,2191 MHz,4 GB,64-bit,www.amd.com,,
193,https://laptopmedia.com/video-card/nvidia-geforce-rtx-3050-laptop-45w-6gb/,"NVIDIA GeForce RTX 3050 (Laptop, 45W, 6GB)",#194 in Top GPUs,8 nm,GA107 Ampere,622 MHz,DDR6,1375 MHz,132 GB/sec,Q1 2021,45 W,2560,990 MHz,6 GB,96-bit,www.nvidia.com,,
194,https://laptopmedia.com/video-card/nvidia-geforce-rtx-3050-laptop-50w/,"NVIDIA GeForce RTX 3050 (Laptop, 50W)",#195 in Top GPUs,8 nm,GA107 Ampere,735 MHz,DDR6,1375 MHz,176 GB/sec,Q1 2021,50 W,2048,1035 MHz,4 GB,128-bit,www.nvidia.com,,
195,https://laptopmedia.com/video-card/nvidia-rtx-a1000-laptop/,NVIDIA RTX A1000 (Laptop),#196 in Top GPUs,8 nm,GA107,1192 MHz,DDR6,14000 MHz,,Q1 2022,up to 95 W,2048,1627 MHz,4 GB,128-bit,www.nvidia.com,64,"up to 60 TOPS"
196,https://laptopmedia.com/video-card/nvidia-geforce-rtx-2050-60w/,NVIDIA GeForce RTX 2050 (60W),#197 in Top GPUs,8 nm,GA107,982 MHz,DDR6,1750 MHz,112 GB/sec,Q1 2022,60 W,2048,1372 MHz,4 GB,64-bit,www.nvidia.com,,
197,https://laptopmedia.com/video-card/intel-arc-a370m/,Intel Arc A370M,#198 in Top GPUs,6 nm,Alchemist / Xe HPG,,DDR6,1750 MHz,112 GB/sec,Q1 2022,up to 50 W,96,2050 MHz,4 GB,64-bit,www.intel.com,,
198,https://laptopmedia.com/video-card/nvidia-geforce-rtx-2050/,NVIDIA GeForce RTX 2050 (Laptop),#199 in Top GPUs,8 nm,GA107,1155 MHz,DDR6,up to 1750 MHz,112 GB/sec,Q1 2022,up to 45 W,2048,1477 MHz,4 GB,64-bit,www.nvidia.com,64,"up to 48 TOPS"
199,https://laptopmedia.com/video-card/nvidia-geforce-rtx-2050-45w/,NVIDIA GeForce RTX 2050 (45W),#200 in Top GPUs,8 nm,GA107,982 MHz,DDR6,1750 MHz,112 GB/sec,Q1 2022,45 W,2048,1372 MHz,4 GB,64-bit,www.nvidia.com,,
200,https://laptopmedia.com/video-card/nvidia-geforce-rtx-3050-laptop-40w/,"NVIDIA GeForce RTX 3050 (Laptop, 40W)",#201 in Top GPUs,8 nm,GA107 Ampere,712 MHz,DDR6,1353 MHz,173 GB/sec,Q1 2021,40 W,2048,1057 MHz,4 GB,128-bit,www.nvidia.com,,
201,https://laptopmedia.com/video-card/nvidia-geforce-rtx-3050-ti-laptop-90w/,"NVIDIA GeForce RTX 3050 Ti (Laptop, 90W)",#202 in Top GPUs,8 nm,Ampere / GA107,up to 1222 MHz,DDR6,12000 MHz,,Q2 2021,90 W,2560,up to 1795 MHz,4 GB,128-bit,www.nvidia.com,,
202,https://laptopmedia.com/video-card/nvidia-geforce-gtx-1650-ti-laptop/,"NVIDIA GeForce GTX 1650 Ti (Laptop, 50W, 128-bit)",#203 in Top GPUs,12 nm,TU117 / Turing,1350 MHz,DDR6,12000 MHz,192 GB/sec,Q2 2020,50 W,1024,1485 MHz,4 GB,128-bit,www.nvidia.com,,
203,https://laptopmedia.com/video-card/intel-arc-7-cores/,Intel Arc (7-Cores),#205 in Top GPUs,5 nm,Xe LPG,,shared memory,,,Q4 2023,,112,2200 MHz,,,,,
204,https://laptopmedia.com/video-card/amd-radeon-rx-5300m/,AMD Radeon RX 5300M,#204 in Top GPUs,7 nm,Navi 14 / RDNA,1181 MHz,DDR6,14000 MHz,168 GB/sec,Q3 2019,65 W,1408,1445 MHz,3 GB,96-bit,support.amd.com,,
205,https://laptopmedia.com/video-card/intel-arc-8-cores/,Intel Arc (8-Cores),#206 in Top GPUs,5 nm,Xe LPG,,shared memory,,,Q4 2023,,128,2300 MHz,,,,,
206,https://laptopmedia.com/video-card/nvidia-geforce-gtx-1650-ti-laptop-2/,NVIDIA GeForce GTX 1650 Ti (Laptop),#207 in Top GPUs,12 nm,TU-117,1350 MHz,DDR6,12000 MHz,,,up to 55 W,1024,1450 MHz,4 GB,up to 256-bit,,,
207,https://laptopmedia.com/video-card/nvidia-geforce-gtx-1650-ti-max-q-50w/,NVIDIA GeForce GTX 1650 Ti Max-Q (50W),#208 in Top GPUs,12 nm,TU117 / Turing,1200 MHz,DDR6,1250 MHz,160 GB/sec,Q2 2020,up to 50 W,1024,1365 MHz,4 GB,128-bit,www.nvidia.com,,
208,https://laptopmedia.com/video-card/amd-radeon-rx-580-laptop/,AMD Radeon RX 580 (4GB GDDR5) (Laptop),#209 in Top GPUs,14 nm,Polaris 20,1077 MHz,DDR5,8000 MHz,256 GB/sec,Q2 2017,185 W,2304,1340 MHz,4 GB,256-bit,support.amd.com,,
209,https://laptopmedia.com/video-card/nvidia-geforce-gtx-1650/,NVIDIA GeForce GTX 1650 (Laptop),#210 in Top GPUs,12 nm,TU117,up to 1395 MHz,DDR6,up to 8000 MHz,128.1 GB/sec,Q2 2019,up to 50 W,up to 1024,up to 1560 MHz,4 GB,128-bit,www.nvidia.com,,
210,https://laptopmedia.com/video-card/nvidia-geforce-gtx-1650-laptop-50w/,"NVIDIA GeForce GTX 1650 (Laptop, 50W)",#211 in Top GPUs,12 nm,TU117 Turing,1395 MHz,DDR6,8000 MHz,128.1 GB/sec,Q2 2019,50 W,up to 1024,1560 MHz,4 GB,128-bit,www.nvidia.com,,
211,https://laptopmedia.com/video-card/nvidia-t1200/,NVIDIA T1200,#212 in Top GPUs,12 nm,Turing / TU117,,DDR6,,192 GB/sec,Q2 2021,up to 95W W,1024,-,4 GB,128-bit,www.nvidia.com,,
212,https://laptopmedia.com/video-card/nvidia-quadro-t2000-4gb-gddr5/,NVIDIA Quadro T2000 (4GB GDDR5),#213 in Top GPUs,12 nm,Turing,1575 MHz,DDR5,8000 MHz,128 GB/sec,Q2 2019,60 W,1024,1785 MHz,4 GB,128-bit,www.nvidia.com,,
213,https://laptopmedia.com/video-card/amd-radeon-890m/,AMD Radeon 890M,#214 in Top GPUs,4 nm,RDNA 3+,400 MHz,shared memory,,,Q2 2024,15 W,1024,2900 MHz,,,www.amd.com,,
214,https://laptopmedia.com/video-card/nvidia-quadro-t2000-max-q/,NVIDIA Quadro T2000 Max-Q,#215 in Top GPUs,12 nm,Turing,1200 MHz,DDR5,8000 MHz,128 GB/sec,Q2 2019,40 W,1024,1500 / 1620 MHz,4 GB,128-bit,www.nvidia.com,,
215,https://laptopmedia.com/video-card/nvidia-geforce-rtx-2050-35w/,NVIDIA GeForce RTX 2050 (35W),#216 in Top GPUs,8 nm,GA107,832 MHz,DDR6,1500 MHz,96 GB/sec,Q1 2022,35 W,2048,1155 MHz,4 GB,64-bit,www.nvidia.com,,
216,https://laptopmedia.com/video-card/nvidia-geforce-mx570-30w/,NVIDIA GeForce MX570 (30W),#217 in Top GPUs,8 nm,GA107 / Ampere,832 MHz,DDR6,1500 MHz,96 GB/sec,Q4 2021,30 W,2048,1155 MHz,2 GB,64-bit,www.nvidia.com,,
217,https://laptopmedia.com/video-card/nvidia-geforce-gtx-1650-ti-max-q/,NVIDIA GeForce GTX 1650 Ti Max-Q,#218 in Top GPUs,12 nm,TU117 / Turing,1035 MHz,DDR6,10000 MHz,160 GB/sec,Q2 2020,35 W,1024,1200 MHz,4 GB,128-bit,www.nvidia.com,,
218,https://laptopmedia.com/video-card/nvidia-geforce-gtx-1650-laptop-40w/,"NVIDIA GeForce GTX 1650 (Laptop, 40W)",#219 in Top GPUs,12 nm,TU117 Turing,1170 MHz,DDR6,up to 8000 MHz,128.1 GB/sec,Q1 2020,40 W,up to 1024,1350 MHz,4 GB,128-bit,www.nvidia.com,,
219,https://laptopmedia.com/video-card/nvidia-geforce-rtx-2050-30w/,NVIDIA GeForce RTX 2050 (30W),#220 in Top GPUs,8 nm,GA107,832 MHz,DDR6,1500 MHz,96 GB/sec,Q1 2022,30 W,2048,1155 MHz,4 GB,64-bit,www.nvidia.com,,
220,https://laptopmedia.com/video-card/nvidia-quadro-t1000-max-q/,NVIDIA Quadro T1000 Max-Q,#221 in Top GPUs,12 nm,Turing,1230 MHz,DDR5,8000 MHz,128 GB/sec,Q2 2019,40 W,896,1455 MHz,4 GB,128-bit,www.nvidia.com,,
221,https://laptopmedia.com/video-card/nvidia-geforce-gtx-1650-max-q/,NVIDIA GeForce GTX 1650 Max-Q,#222 in Top GPUs,12 nm,TU117/Turing,1020 MHz,DDR6,2001 MHz,112 GB/sec,Q2 2019,35 W,up to 1024,1245 MHz,4 GB,128-bit,www.nvidia.com,,
222,https://laptopmedia.com/video-card/nvidia-rtx-a500-laptop-30w/,"NVIDIA RTX A500 (Laptop, 30W)",#223 in Top GPUs,8 nm,GA107,832 MHz,DDR6,1500 MHz,96 GB/sec,Q1 2022,30 W,2048,1537 MHz,4 GB,64-bit,www.nvidia.com,,
223,https://laptopmedia.com/video-card/nvidia-geforce-mx570/,NVIDIA GeForce MX570,#224 in Top GPUs,8 nm,GA107 / Ampere,,DDR6,12000 MHz,96 GB/sec,Q4 2021,25 W,2048,1477 MHz,2 GB,64-bit,www.nvidia.com,64,"up to 48 TOPS"
224,https://laptopmedia.com/video-card/nvidia-t600/,NVIDIA T600,#225 in Top GPUs,12 nm,TU117,735 MHz,DDR6,1250 MHz,160 GB/sec,Q2 2021,40 W,640,1335 MHz,4 GB,128-bit,www.nvidia.co.uk,,
225,https://laptopmedia.com/video-card/intel-arc-a350m/,Intel Arc A350M,#226 in Top GPUs,6 nm,Alchemist / Xe HPG,1150 MHz,DDR6,14000 MHz,112 GB/sec,Q1 2022,up to 35 W,6,-,4 GB,64-bit,www.intel.com,,
226,https://laptopmedia.com/video-card/nvidia-geforce-mx550-35w/,NVIDIA GeForce MX550 (35W),#227 in Top GPUs,12 nm,TU117 / Turing,1260 MHz,DDR6,1500 MHz,96 GB/sec,Q4 2021,35 W,1024,1500 MHz,2 GB,65-bit,www.nvidia.com,,
227,https://laptopmedia.com/video-card/amd-radeon-780m/,AMD Radeon 780M,#228 in Top GPUs,4 nm,RDNA3,1500 MHz,shared memory,,,Q1 2023,up to 54 W,768,3000 MHz,,,www.amd.com,,
228,https://laptopmedia.com/video-card/amd-radeon-760m/,AMD Radeon 760M,#229 in Top GPUs,4 nm,RDNA3,1500 MHz,shared memory,,,Q1 2023,up to 54 W,384,2800 MHz,,,www.amd.com,,
229,https://laptopmedia.com/video-card/nvidia-quadro-t550-25w/,NVIDIA Quadro T550 (25W),#230 in Top GPUs,,,,DDR6,,112 GB/sec,Q2 2022,25 W,1024,-,4 GB,,www.nvidia.com,,
230,https://laptopmedia.com/video-card/nvidia-geforce-mx550/,NVIDIA GeForce MX550,#231 in Top GPUs,12 nm,TU117 / Turing,,DDR6,12000 MHz,96 GB/sec,Q4 2021,25 W,1024,1320 MHz,2 GB,64-bit,www.nvidia.com,,
231,https://laptopmedia.com/video-card/amd-radeon-680m/,AMD Radeon 680M,#232 in Top GPUs,6 nm,Zen 3+,,shared memory,,,Q1 2022,45+ W,12,up to 2400 MHz,,,www.amd.com,,
232,https://laptopmedia.com/video-card/nvidia-geforce-mx450-gddr6-25w-28-5w/,"NVIDIA GeForce MX450 (GDDR6, 25W / 28.5W)",#233 in Top GPUs,12 nm,TU117 Turing,1395 MHz,DDR6,1250 MHz,80 GB/sec,Q3 2020,up to 28.5 W,896,1575 MHz,2 GB,64-bit,www.nvidia.com,,
233,https://laptopmedia.com/video-card/nvidia-quadro-t550/,NVIDIA T550,#234 in Top GPUs,,,,DDR6,,112 GB/sec,Q2 2022,,1024,-,4 GB,,www.nvidia.com,,
234,https://laptopmedia.com/video-card/nvidia-geforce-mx450/,NVIDIA GeForce MX450,#235 in Top GPUs,12 nm,Turing,up to 1395 MHz,DDR6,1250 MHz,up to 80 GB/sec,Q3 2020,up to 28.5 W,896,up to 1575 MHz,2 GB,64-bit,www.nvidia.com,,
235,https://laptopmedia.com/video-card/intel-graphics-4-cores/,Intel Graphics (4-Cores),#236 in Top GPUs,5 nm,Xe LPG,,shared memory,,,Q4 2023,,64,2000 MHz,,,,,
236,https://laptopmedia.com/video-card/nvidia-quadro-t500/,NVIDIA T500,#237 in Top GPUs,12 nm,TU117 Turing,1365 MHz,DDR6,1250 MHz,80 GB/sec,Q4 2020,18 W,896,1695 MHz,4 GB,64-bit,www.nvidia.com,,
237,https://laptopmedia.com/video-card/nvidia-geforce-mx450-gddr5-25w/,"NVIDIA GeForce MX450 (GDDR5, 25W)",#238 in Top GPUs,12 nm,TU117 Turing,1395 MHz,DDR5,3501 MHz,80 GB/sec,Q3 2020,25 W,896,1575 MHz,2 GB,64-bit,www.nvidia.com,,
238,https://laptopmedia.com/video-card/intel-iris-xe-max/,Intel Iris Xe Max,#239 in Top GPUs,10 nm,Iris Xe,,DDR4,4627 MHz,68 GB/sec,Q4 2020,25 W,96,1650 MHz,4 GB,128-bit,downloadcenter.intel.com,,
239,https://laptopmedia.com/video-card/amd-radeon-740m/,AMD Radeon 740M,#240 in Top GPUs,4 nm,RDNA 3 / Phoenix,1500 MHz,shared memory,,,Q1 2023,up to 30 W,256,up to 2500 MHz,,,www.amd.com,,
240,https://laptopmedia.com/video-card/qualcomm-snapdragon-x-elite-adreno-gpu/,Qualcomm Snapdragon X Elite Adreno GPU,#241 in Top GPUs,4 nm,Qualcomm Oryon,,shared memory,,,Q2 2024,45 W,,,,,,,
241,https://laptopmedia.com/video-card/nvidia-geforce-mx450-gddr6-12w/,"NVIDIA GeForce MX450 (GDDR6, 12W)",#242 in Top GPUs,12 nm,TU117 Turing,720 MHz,DDR6,1250 MHz,80 GB/sec,Q3 2020,12 W,896,930 MHz,2 GB,64-bit,www.nvidia.com,,
242,https://laptopmedia.com/video-card/amd-radeon-660m/,AMD Radeon 660M,#243 in Top GPUs,6 nm,Zen 3+,,shared memory,,,Q1 2022,up to 45 W,6,1900 MHz,,,,,
243,https://laptopmedia.com/video-card/intel-iris-xe-graphics-g7/,Intel Iris Xe Graphics G7 (96EU),#244 in Top GPUs,10 nm,Tiger Lake,400 MHz,shared memory,,,Q3 2020,up to 28 W,96,1350 MHz,,,www.intel.com,,
244,https://laptopmedia.com/video-card/nvidia-quadro-p620-4gb-gddr5/,NVIDIA Quadro P620 (4GB GDDR5),#245 in Top GPUs,14 nm,Pascal,1266 MHz,DDR5,1252 MHz,80.13 GB/sec,Q1 2018,40 W,512,1354 MHz,4 GB,128-bit,www.nvidia.com,,
245,https://laptopmedia.com/video-card/nvidia-geforce-mx350/,NVIDIA GeForce MX350,#246 in Top GPUs,14 nm,Pascal,up to 1354 MHz,DDR5,1752 MHz,56.06 GB/sec,Q1 2020,up to 25 W,640,up to 1468 MHz,2 GB,64-bit,www.nvidia.com,,
246,https://laptopmedia.com/video-card/nvidia-geforce-mx350-25w/,NVIDIA GeForce MX350 (25W),#247 in Top GPUs,14 nm,Pascal,1354 MHz,DDR5,1752 MHz,56.06 GB/sec,Q1 2020,25 W,640,1468 MHz,2 GB,64-bit,www.nvidia.com,,
247,https://laptopmedia.com/video-card/amd-radeon-rx-550-laptop-4gb-gddr5/,AMD Radeon RX 550 (Laptop) (4GB GDDR5),#248 in Top GPUs,14 nm,Polaris,1100 MHz,DDR5,7000 MHz,112 GB/sec,Q1 2017,35 W,512,1183 MHz,4 GB,128-bit,support.amd.com,,
248,https://laptopmedia.com/video-card/amd-radeon-rx-vega-8-ryzen-4000/,"AMD Radeon RX Vega 8 (R4000/5000, 35/45W)",#249 in Top GPUs,7 nm,Zen 2,,shared memory,,,Q2 2020,up to 45 W,512,up to 1750 MHz,,,www.amd.com,,
249,https://laptopmedia.com/video-card/amd-radeon-rx-vega-8-ryzen-4000-15w/,"AMD Radeon RX Vega 8 (R4000/5000, 15W)",#250 in Top GPUs,7 nm,Zen 2,400 MHz,shared memory,,,Q2 2020,15 W,512,up to 2000 MHz,,,www.amd.com,,
250,https://laptopmedia.com/video-card/nvidia-geforce-mx250-2gb-gddr5/,NVIDIA GeForce MX250 (25W),#251 in Top GPUs,14 nm,Pascal,1519 MHz,DDR5,1502 MHz,48.06 GB/sec,Q1 2019,25 W,384,1582 MHz,2 GB,64-bit,www.nvidia.com,,
251,https://laptopmedia.com/video-card/intel-iris-xe-graphics-g7-80eu/,Intel Iris Xe Graphics G7 (80EU),#252 in Top GPUs,10 nm,Tiger Lake,400 MHz,shared memory,,,Q3 2020,up to 28 W,80,1300 MHz,,,www.intel.com,,
252,https://laptopmedia.com/video-card/intel-uhd-graphics-alder-lake-64eu/,"Intel UHD Graphics (Alder Lake, 64EU)",#253 in Top GPUs,10 nm,Alder Lake,,shared memory,,,Q1 2022,up to 45 W,64,1400 MHz,,,www.intel.com,,
253,https://laptopmedia.com/video-card/amd-radeon-rx-vega-7-ryzen-4000-35-45w/,"AMD Radeon RX Vega 7 (R4000/5000, 35/45W)",#254 in Top GPUs,7 nm,Renoir,,shared memory,,,Q1 2020,45 W,448,1600 MHz,,,www.amd.com,,
254,https://laptopmedia.com/video-card/nvidia-geforce-mx330-4gb-gddr5-25w/,"NVIDIA GeForce MX330 (4GB GDDR5, 25W)",#255 in Top GPUs,14 nm,Pascal,1531 MHz,DDR5,1752 MHz,56.1 GB/sec,Q1 2020,25 W,384,1594 MHz,4 GB,64-bit,www.nvidia.com,,
255,https://laptopmedia.com/video-card/nvidia-geforce-mx350-10w/,NVIDIA GeForce MX350 (10W),#256 in Top GPUs,14 nm,Pascal,747 MHz,DDR5,1752 MHz,56.06 GB/s GB/sec,Q1 2020,10 W,640,937 MHz,2 GB,64-bit,www.nvidia.com,,
256,https://laptopmedia.com/video-card/amd-radeon-rx-550-laptop-2gb-gddr5/,AMD Radeon RX 550 (Laptop) (2GB GDDR5),#257 in Top GPUs,14 nm,Polaris,1100 MHz,DDR5,6000 MHz,96 GB/sec,Q1 2017,50 W,512,1287 MHz,2 GB,128-bit,www.amd.com,,
257,https://laptopmedia.com/video-card/nvidia-geforce-mx330/,"NVIDIA GeForce MX330 (2GB GDDR5, 25W)",#258 in Top GPUs,14 nm,Pascal,1531 MHz,DDR5,1752 MHz,56.1 GB/sec,Q1 2020,25 W,384,1594 MHz,2 GB,64-bit,www.nvidia.com,,
258,https://laptopmedia.com/video-card/nvidia-quadro-p520-4gb-gddr5/,NVIDIA Quadro P520 (4GB GDDR5),#259 in Top GPUs,14 nm,Pascal,1303 MHz,DDR5,6000 MHz,48 GB/sec,Q2 2019,18 W,384,1493 MHz,4 GB,64-bit,www.nvidia.com,,
259,https://laptopmedia.com/video-card/amd-radeon-rx-vega-7/,"AMD Radeon RX Vega 7 (R4000/5000, 15W)",#260 in Top GPUs,7 nm,Renoir,,shared memory,,,Q1 2020,15 W,448,1600 MHz,,,www.amd.com,,
260,https://laptopmedia.com/video-card/amd-radeon-rx-vega-6-ryzen-4000-45w/,"AMD Radeon RX Vega 6 (R4000/5000, 35/45W)",#261 in Top GPUs,7 nm,Vega Renoir,,shared memory,,,Q1 2021,45 W,384,1500 MHz,,,support.amd.com,,
261,https://laptopmedia.com/video-card/amd-radeon-rx-vega-5/,AMD Radeon RX Vega 5,#262 in Top GPUs,7 nm,Zen 2,400 MHz,shared memory,,,Q1 2020,15 W,320,1400 MHz,,,www.amd.com,,
262,https://laptopmedia.com/video-card/amd-radeon-rx-640/,AMD Radeon RX 640,#263 in Top GPUs,14 nm,Polaris,1082 MHz,DDR5,6000 MHz,48 GB/sec,Q3 2019,50 W,up to 640,1218 MHz,up to 4 GB,64-bit,www.amd.com,,
263,https://laptopmedia.com/video-card/nvidia-geforce-mx250-10w/,NVIDIA GeForce MX250 (10W),#264 in Top GPUs,14 nm,Pascal,937 MHz,DDR5,1502 MHz,48.06 GB/sec,Q1 2019,10 W,384,1038 MHz,2 GB,64-bit,www.nvidia.com,,
264,https://laptopmedia.com/video-card/qualcomm-adreno-690/,Qualcomm Adreno 690,#265 in Top GPUs,5 nm,Adreno 600,1700 MHz,shared memory,,,Q2 2020,up to 7 W,-,2000 MHz,,,,,
265,https://laptopmedia.com/video-card/amd-radeon-rx-vega-10/,AMD Radeon RX Vega 10,#266 in Top GPUs,14 nm,Vega,,shared memory,,,Q4 2017,,640,1300 MHz,,,support.amd.com,,
266,https://laptopmedia.com/video-card/intel-uhd-graphics-tiger-lake-g4/,"Intel UHD Graphics Xe G4 (Tiger Lake, 48EU)",#267 in Top GPUs,10 nm,Tiger Lake,300 MHz,shared memory,,,Q3 2020,15 W,384,1100 MHz,,,downloadcenter.intel.com,,
267,https://laptopmedia.com/video-card/intel-uhd-graphics-770/,Intel UHD Graphics 770,#268 in Top GPUs,10 nm,Alder Lake,300 MHz,shared memory,,,Q2 2022,up to 45 W,32,up to 1550 MHz,,,www.intel.com,,
268,https://laptopmedia.com/video-card/amd-radeon-rx-vega-6-ryzen-4000/,"AMD Radeon RX Vega 6 (R4000/5000, 15W)",#269 in Top GPUs,7 nm,Vega Renoir,,shared memory,,,Q1 2020,15 W,384,1500 MHz,,,www.amd.com,,
269,https://laptopmedia.com/video-card/amd-radeon-rx-vega-8-ryzen-2000/,"AMD Radeon RX Vega 8 (R2000/3000, 15W)",#270 in Top GPUs,14 nm,Vega,,shared memory,,,Q4 2017,15 W,512,1200 MHz,,,support.amd.com,,
270,https://laptopmedia.com/video-card/intel-uhd-graphics-xe-g4-48eu/,Intel UHD Graphics Xe G4 (48EU),#271 in Top GPUs,10 nm,Gen. 11 Ice Lake,350 MHz,shared memory,,,Q3 2020,up to 45 W,48,1450 MHz,,,www.intel.com,,
271,https://laptopmedia.com/video-card/intel-iris-xe-graphics-g4/,Intel Iris Xe Graphics G4,#272 in Top GPUs,10 nm,Tiger Lake Xe,400 MHz,shared memory,,,Q3 2020,28 W,80,1250 MHz,,,downloadcenter.intel.com,,
272,https://laptopmedia.com/video-card/nvidia-geforce-mx130-2gb-gddr5/,NVIDIA GeForce MX130 (2GB GDDR5),#273 in Top GPUs,28 nm,GM108/Maxwell,1122 MHz,DDR5,1253 MHz,40.10 GB/sec,Q1 2018,up to 30 W,384,1242 MHz,2 GB,64-bit,www.geforce.com,,
273,https://laptopmedia.com/video-card/intel-uhd-graphics-xe-750-32eu/,Intel UHD Graphics Xe 750 (32EU),#274 in Top GPUs,14 nm,Tiger Lake Xe Gen 12,350 MHz,shared memory,,,Q1 2021,up to 45 W,32,1450 MHz,,,downloadcenter.intel.com,,
274,https://laptopmedia.com/video-card/intel-iris-plus-graphics-g7/,Intel Iris Plus Graphics G7,#275 in Top GPUs,10 nm,Intel Gen. 11 (Ice Lake),300 MHz,shared memory,,,Q2 2019,up to 28 W,64,1100 MHz,,,downloadcenter.intel.com,,
275,https://laptopmedia.com/video-card/amd-radeon-610m/,AMD Radeon 610M,#276 in Top GPUs,6 nm,RDNA 2,,shared memory,,,Q3 2022,15 W,128,1900 MHz,,,www.amd.com,,
276,https://laptopmedia.com/video-card/intel-uhd-graphics-jasper-lake-16-eu/,Intel UHD Graphics (Jasper Lake 16 EU),#277 in Top GPUs,10 nm,Jasper Lake Gen. 11,350 MHz,shared memory,,,Q1 2021,,16,800 MHz,,,downloadcenter.intel.com,,
277,https://laptopmedia.com/video-card/amd-radeon-rx-vega-3/,AMD Radeon RX Vega 3,#278 in Top GPUs,14 nm,Vega Raven Ridge,400 MHz,shared memory,,,Q1 2018,up to 15 W,192,1200 MHz,,,support.amd.com,,
278,https://laptopmedia.com/video-card/intel-uhd-graphics-g1/,Intel UHD Graphics G1,#279 in Top GPUs,10 nm,Intel Gen. 11 (Ice Lake),300 MHz,shared memory,,,Q2 2019,up to 15 W,32,1100 MHz,,,downloadcenter.intel.com,,
279,https://laptopmedia.com/video-card/intel-uhd-graphics-630/,Intel UHD Graphics 630,#280 in Top GPUs,14 nm,Coffee Lake,300 MHz,shared memory,,,Q4 2017,,24,1150 MHz,,,www.intel.com,,
280,https://laptopmedia.com/video-card/intel-uhd-graphics/,Intel UHD Graphics,#281 in Top GPUs,14 nm,Intel Gen. 10 (Comet Lake),300 MHz,shared memory,,,Q3 2017,up to 45W W,24,up to 1150 MHz,,,downloadcenter.intel.com,,
281,https://laptopmedia.com/video-card/intel-uhd-graphics-xe-750-16eu/,Intel UHD Graphics Xe 750 (16EU),#282 in Top GPUs,10 nm,Gen. 12,350 MHz,shared memory,,,Q1 2021,up to 45 W,16,1450 MHz,,,www.intel.com,,
282,https://laptopmedia.com/video-card/intel-uhd-graphics-jasper-lake-32-eu/,Intel UHD Graphics (Jasper Lake 32 EU),#283 in Top GPUs,10 nm,Jasper Lake Gen. 11,350 MHz,shared memory,,,Q1 2021,up to 10 W,32,900 MHz,,,downloadcenter.intel.com,,
283,https://laptopmedia.com/video-card/intel-uhd-graphics-605/,Intel UHD Graphics 605,#284 in Top GPUs,14 nm,Gemini Lake (Gen. 9 / Apollo Lake),300 MHz,shared memory,,,Q4 2017,6 W,12,750 MHz,,,www.intel.com,,
284,https://laptopmedia.com/video-card/intel-uhd-graphics-600/,Intel UHD Graphics 600,#285 in Top GPUs,14 nm,Gemini Lake (Gen. 9 / Apollo Lake),300 MHz,shared memory,,,Q4 2017,,12,700 MHz,,,downloadcenter.intel.com,,
285,https://laptopmedia.com/video-card/amd-radeon-r3-beema/,AMD Radeon R3 (Beema),#286 in Top GPUs,28 nm,Beema,350 MHz,shared memory,,,Q2 2014,,128,686 MHz,,,support.amd.com,,
