Column,0,b_1,b_2,Notes
0,"2x  radeon r9 m290x (4gb gddr5, crossfire)",,Radeon R9 M290X,
1,custom radeon graphics (steam deck),,,
2,radeon 530 (2gb ddr3),,Radeon 530 Mobile DDR3,
3,radeon 530 (2gb gddr5),,Radeon 530 Mobile GDDR5,
4,radeon 535 / 530x (2gb gddr5),,Radeon 530X Mobile,which one?
5,radeon 610,,Radeon 610 Mobile,
6,radeon 610m,radeon 610m,"radeon 610m",
7,radeon 620,,Radeon 620 Mobile,
8,radeon 625,,Radeon 625 Mobile,
9,radeon 630,,Radeon 630 Mobile,
10,radeon 660m,radeon 660m,"radeon 660m",
11,radeon 680m,radeon 680m,"radeon 680m",
12,radeon 740m,radeon 740m,"radeon 740m",
13,radeon 760m,radeon 760m,"radeon 760m",
14,radeon 780m,radeon 780m,"radeon 780m",
15,radeon 880m,,"radeon 880m",
16,radeon 890m,radeon 890m,"radeon 890m",
17,radeon pro 5300m (4gb gddr6),,Radeon Pro 5300M,
18,radeon pro 5500m (4gb gddr6),,,
19,radeon pro 5500m (8gb gddr6),,Radeon Pro 5500M,
20,radeon pro 555x (4gb gddr5),,Radeon Pro 555X,
21,radeon pro 5600m (8gb hbm2),radeon pro 5600m (8gb hbm2),Radeon Pro 5600M,
22,radeon pro 560x (4gb gddr5),,Radeon Pro 560X,
23,radeon pro w6600m,,"radeon pro w6600m",
24,radeon pro wx 3200 (4gb gddr5),,Radeon Pro WX 3200 Mobile,
25,radeon r3 (beema),radeon r3 (beema),Radeon R3 Mobile Graphics,16.
26,radeon r4,,Radeon R4 Mobile Graphics,"3 same name, which one?"
27,radeon r5 (stoney ridge),,,
28,radeon rx 5300m,radeon rx 5300m,"radeon rx 5300m",
29,radeon rx 5500m (4gb gddr6),,Radeon RX 5500M,
30,radeon rx 5600m,radeon rx 5600m,"radeon rx 5600m",
31,radeon rx 640,radeon rx 640,Radeon RX 640 Mobile,
32,radeon rx 6500m,radeon rx 6500m,"radeon rx 6500m",
33,radeon rx 6550m,,"radeon rx 6550m",
34,radeon rx 6600m,radeon rx 6600m,"radeon rx 6600m",
35,radeon rx 6600s,radeon rx 6600s,"radeon rx 6600s",
36,radeon rx 6650m,radeon rx 6650m,"radeon rx 6650m",
37,radeon rx 6700m,radeon rx 6700m,"radeon rx 6700m",
38,radeon rx 6700m,radeon rx 6700m,"radeon rx 6700m",
39,radeon rx 6700s,radeon rx 6700s,"radeon rx 6700s",
40,radeon rx 6800m,radeon rx 6800m,"radeon rx 6800m",
41,radeon rx 6800s,radeon rx 6800s,"radeon rx 6800s",
42,radeon rx 6850m xt,radeon rx 6850m xt,"radeon rx 6850m xt",
43,radeon rx 7600m xt,radeon rx 7600m xt,"radeon rx 7600m xt",
44,radeon rx 7600s,radeon rx 7600s,"radeon rx 7600s",
45,radeon rx 7600s (95w),radeon rx 7600s (95w),,
46,radeon rx 7700s,radeon rx 7700s,"radeon rx 7700s",
47,radeon rx 7700s (120w),,,
48,radeon rx vega 10,radeon rx vega 10,Radeon RX Vega 10 Mobile,
49,radeon rx vega 2,,,
50,radeon rx vega 3,radeon rx vega 3,,
51,radeon rx vega 5,radeon rx vega 5,,
52,"radeon rx vega 6 (r4000/5000, 15w)","radeon rx vega 6 (r4000/5000, 15w)",,
53,"radeon rx vega 6 (r4000/5000, 35/45w)","radeon rx vega 6 (r4000/5000, 35/45w)",,
54,"radeon rx vega 7 (r4000/5000, 15w)","radeon rx vega 7 (r4000/5000, 15w)",,
55,"radeon rx vega 7 (r4000/5000, 15w)","radeon rx vega 7 (r4000/5000, 15w)",,
56,"radeon rx vega 7 (r4000/5000, 35/45w)","radeon rx vega 7 (r4000/5000, 35/45w)",,
57,"radeon rx vega 8 (r2000/3000, 15w)","radeon rx vega 8 (r2000/3000, 15w)",,
58,"radeon rx vega 8 (r2000/3000, 15w)","radeon rx vega 8 (r2000/3000, 15w)",,
59,"radeon rx vega 8 (r4000/5000, 15w)","radeon rx vega 8 (r4000/5000, 15w)",,
60,"radeon rx vega 8 (r4000/5000, 35/45w)","radeon rx vega 8 (r4000/5000, 35/45w)",,
61,radeon vega 9,,Radeon Vega 9 Mobile,
62,m1 gpu (7-core),,,
63,m1 gpu (8-core),,,
64,m1 max gpu (24-core),,,
65,m1 max gpu (32-core),,,
66,m1 pro gpu (14-core),,,
67,m1 pro gpu (16-core),,,
68,m2 gpu (10-core),,,
69,m2 gpu (8-core),,,
70,m2 gpu (9-core),,,
71,m2 max gpu,,,
72,m2 pro gpu,,,
73,m3 gpu (10-core),,,
74,m3 gpu (8-core),,,
75,m3 max gpu (30-core),,,
76,m3 max gpu (40-core),,,
77,m3 pro gpu (14-core),,,
78,m3 pro gpu (18-core),,,
79,arc (7-cores),arc (7-cores),,
80,arc (8-cores),arc (8-cores),,
81,arc a350m,arc a350m,"arc a350m",
82,arc a370m,arc a370m,"arc a370m",
83,arc a530m,arc a530m,"arc a530m",
84,arc a550m,arc a550m,"arc a550m",
85,arc a730m,arc a730m,"arc a730m",
86,arc pro a30m graphics,,Arc Pro A30M,
87,graphics (4-cores),graphics (4-cores),,
88,hd graphics (cherry trail),,,
89,hd graphics (ivy bridge),,,
90,hd graphics 400 (braswell),,HD Graphics 400 Mobile,
91,hd graphics 500 (apollo lake),,HD Graphics 500 Mobile,
92,hd graphics 515,,HD Graphics 515 Mobile,
93,hd graphics 620,,HD Graphics 620 Mobile,
94,hd graphics 630,,HD Graphics 630 Mobile,
95,iris plus graphics 655,,Iris Plus Graphics 655 Mobile,
96,iris plus graphics g4,,Iris Plus Graphics G4 48EU Mobile,
97,iris plus graphics g7,iris plus graphics g7,Iris Plus Graphics G7 64EU Mobile,
98,iris xe graphics g4,iris xe graphics g4,Iris Xe Graphics G4 48EU Mobile,
99,iris xe graphics g7 (64eu),,,
100,iris xe graphics g7 (80eu),iris xe graphics g7 (80eu),Iris Xe Graphics G7 80EU Mobile,
101,iris xe graphics g7 (80eu),iris xe graphics g7 (80eu),Iris Xe Graphics G7 80EU Mobile,
102,iris xe graphics g7 (96eu),iris xe graphics g7 (96eu),Iris Xe Graphics G7 96EU Mobile,
103,iris xe graphics g7 (96eu),iris xe graphics g7 (96eu),Iris Xe Graphics G7 96EU Mobile,
104,iris xe max,iris xe max,,
105,uhd graphics,uhd graphics,,
106,"uhd graphics (alder lake, 64eu)","uhd graphics (alder lake, 64eu)",UHD Graphics 64EU Mobile,201.
107,uhd graphics (jasper lake 16 eu),uhd graphics (jasper lake 16 eu),UHD Graphics 16EU Mobile,234.
108,uhd graphics (jasper lake 24 eu),,UHD Graphics 24EU Mobile,235.
109,uhd graphics (jasper lake 32 eu),uhd graphics (jasper lake 32 eu),UHD Graphics 32EU Mobile,236.
110,uhd graphics 600,uhd graphics 600,UHD Graphics 600 Mobile,
111,uhd graphics 605,uhd graphics 605,UHD Graphics 605 Mobile,
112,uhd graphics 620,,UHD Graphics 620 Mobile,
113,uhd graphics 630,uhd graphics 630,UHD Graphics 630 Mobile,
114,uhd graphics 770,uhd graphics 770,UHD Graphics 770 Mobile,202.
115,uhd graphics g1,uhd graphics g1,UHD Graphics G1 32EU Mobile,
116,uhd graphics xe (24eu),,,
117,uhd graphics xe 750 (16eu),uhd graphics xe 750 (16eu),,
118,uhd graphics xe 750 (32eu),uhd graphics xe 750 (32eu),,
119,uhd graphics xe g1,,,
120,uhd graphics xe g4 (48eu),uhd graphics xe g4 (48eu),,
121,"uhd graphics xe g4 (tiger lake, 48eu)","uhd graphics xe g4 (tiger lake, 48eu)",,
122,geforce gtx 1050 (3gb gddr5),,GeForce GTX 1050 Mobile 3 GB,
123,geforce gtx 1050 (4gb gddr5),,,
124,geforce gtx 1050 max-q (34w),,GeForce GTX 1050 Max-Q,
125,geforce gtx 1050 ti (4gb gddr5),,GeForce GTX 1050 Ti Mobile,460
126,geforce gtx 1050 ti max-q (4gb gddr5),,GeForce GTX 1050 Ti Max-Q,
127,geforce gtx 1060 (6gb gddr5),,GeForce GTX 1060 Mobile,
128,geforce gtx 1650 (laptop),geforce gtx 1650 (laptop),GeForce GTX 1650 Mobile,286
129,"geforce gtx 1650 (laptop, 40w)","geforce gtx 1650 (laptop, 40w)",,
130,"geforce gtx 1650 (laptop, 50w)","geforce gtx 1650 (laptop, 50w)",GeForce GTX 1650 Mobile,286
131,geforce gtx 1650 max-q,geforce gtx 1650 max-q,"geforce gtx 1650 max-q",
132,geforce gtx 1650 ti (laptop),geforce gtx 1650 ti (laptop),GeForce GTX 1650 Ti Mobile,288
133,"geforce gtx 1650 ti (laptop, 50w, 128-bit)","geforce gtx 1650 ti (laptop, 50w, 128-bit)",GeForce GTX 1650 Ti Mobile,288
134,geforce gtx 1650 ti max-q,geforce gtx 1650 ti max-q,"geforce gtx 1650 ti max-q",
135,geforce gtx 1650 ti max-q (50w),geforce gtx 1650 ti max-q (50w),,
136,geforce gtx 1660 (laptop),,,
137,geforce gtx 1660 ti (laptop),geforce gtx 1660 ti (laptop),GeForce GTX 1660 Ti Mobile,
138,geforce gtx 1660 ti max-q,geforce gtx 1660 ti max-q,"geforce gtx 1660 ti max-q",
139,geforce mx110 (2gb gddr5),,,
140,geforce mx130 (2gb gddr5),geforce mx130 (2gb gddr5),GeForce MX130,
141,geforce mx150 (2gb gddr5),,GeForce MX150,"2 same name, which one?"
142,geforce mx230 (2gb gddr5),,GeForce MX230,
143,geforce mx250 (10w),geforce mx250 (10w),GeForce MX250,356
144,geforce mx250 (25w),geforce mx250 (25w),GeForce MX250,355
145,geforce mx250 (4gb gddr5),,,
146,"geforce mx330 (2gb gddr5, 25w)","geforce mx330 (2gb gddr5, 25w)",,
147,"geforce mx330 (4gb gddr5, 25w)","geforce mx330 (4gb gddr5, 25w)",,
148,geforce mx350,geforce mx350,"geforce mx350",291
149,geforce mx350 (10w),geforce mx350 (10w),GeForce MX350,292
150,geforce mx350 (25w),geforce mx350 (25w),GeForce MX350,291
151,geforce mx450,geforce mx450,,
152,"geforce mx450 (gddr5, 25w)","geforce mx450 (gddr5, 25w)",,
153,"geforce mx450 (gddr5, 25w)","geforce mx450 (gddr5, 25w)",,
154,"geforce mx450 (gddr6, 12w)","geforce mx450 (gddr6, 12w)",GeForce MX450 12W,
155,"geforce mx450 (gddr6, 25w / 28.5w)","geforce mx450 (gddr6, 25w / 28.5w)",,
156,geforce mx550,geforce mx550,"geforce mx550",
157,geforce mx550 (35w),geforce mx550 (35w),,
158,geforce mx570,geforce mx570,"geforce mx570",
159,geforce mx570 (30w),geforce mx570 (30w),,
160,geforce mx570 a,,"geforce mx570 a",
161,geforce rtx 2050 (30w),geforce rtx 2050 (30w),GeForce RTX 2050 Mobile,
162,geforce rtx 2050 (35w),geforce rtx 2050 (35w),,
163,geforce rtx 2050 (40w),,,
164,geforce rtx 2050 (45w),geforce rtx 2050 (45w),,
165,geforce rtx 2050 (60w),geforce rtx 2050 (60w),,
166,geforce rtx 2050 (65w),,,
167,geforce rtx 2050 (70w),,,
168,geforce rtx 2050 (laptop),geforce rtx 2050 (laptop),,
169,geforce rtx 2060 (laptop),geforce rtx 2060 (laptop),,
170,geforce rtx 2060 (laptop),geforce rtx 2060 (laptop),,
171,"geforce rtx 2060 (laptop, 115w)","geforce rtx 2060 (laptop, 115w)",,
172,"geforce rtx 2060 (laptop, 80w)","geforce rtx 2060 (laptop, 80w)",,
173,"geforce rtx 2060 (laptop, 90w)","geforce rtx 2060 (laptop, 90w)",,
174,geforce rtx 2060 max-q,,"geforce rtx 2060 max-q",
175,geforce rtx 2070 (laptop),geforce rtx 2070 (laptop),,
176,geforce rtx 2070 (laptop),geforce rtx 2070 (laptop),,
177,geforce rtx 2070 max-q,geforce rtx 2070 max-q,"geforce rtx 2070 max-q",
178,geforce rtx 2070 super (laptop),geforce rtx 2070 super (laptop),,
179,geforce rtx 2070 super (laptop),geforce rtx 2070 super (laptop),,
180,geforce rtx 2070 super max-q,geforce rtx 2070 super max-q,"geforce rtx 2070 super max-q",
181,geforce rtx 2070 super max-q (80w),,,
182,geforce rtx 2070 super max-q (90w),geforce rtx 2070 super max-q (90w),,
183,geforce rtx 2080 (laptop),geforce rtx 2080 (laptop),,
184,geforce rtx 2080 (laptop),geforce rtx 2080 (laptop),,
185,geforce rtx 2080 max-q,,"geforce rtx 2080 max-q",
186,geforce rtx 2080 super (laptop),geforce rtx 2080 super (laptop),,
187,"geforce rtx 2080 super (laptop, 150w)","geforce rtx 2080 super (laptop, 150w)",,
188,geforce rtx 2080 super max-q,geforce rtx 2080 super max-q,"geforce rtx 2080 super max-q",
189,geforce rtx 2080 super max-q (80w),geforce rtx 2080 super max-q (80w),,
190,geforce rtx 2080 super max-q (90w),geforce rtx 2080 super max-q (90w),,
191,geforce rtx 3050 (laptop),geforce rtx 3050 (laptop),,
192,geforce rtx 3050 (laptop),geforce rtx 3050 (laptop),,
193,"geforce rtx 3050 (laptop, 35w)",,,
194,"geforce rtx 3050 (laptop, 40w)","geforce rtx 3050 (laptop, 40w)",,
195,"geforce rtx 3050 (laptop, 45w)","geforce rtx 3050 (laptop, 45w)",,
196,"geforce rtx 3050 (laptop, 45w, 6gb)","geforce rtx 3050 (laptop, 45w, 6gb)",,
197,"geforce rtx 3050 (laptop, 50w)","geforce rtx 3050 (laptop, 50w)",,
198,"geforce rtx 3050 (laptop, 50w, 6gb)","geforce rtx 3050 (laptop, 50w, 6gb)",,
199,"geforce rtx 3050 (laptop, 55w)","geforce rtx 3050 (laptop, 55w)",,
200,"geforce rtx 3050 (laptop, 60w)","geforce rtx 3050 (laptop, 60w)",,
201,"geforce rtx 3050 (laptop, 60w, 6gb)","geforce rtx 3050 (laptop, 60w, 6gb)",,
202,"geforce rtx 3050 (laptop, 63w, 6gb)","geforce rtx 3050 (laptop, 63w, 6gb)",,
203,"geforce rtx 3050 (laptop, 65w)","geforce rtx 3050 (laptop, 65w)",,
204,"geforce rtx 3050 (laptop, 65w, 6gb)","geforce rtx 3050 (laptop, 65w, 6gb)",,
205,"geforce rtx 3050 (laptop, 6gb)",,,
206,"geforce rtx 3050 (laptop, 70w, 6gb)","geforce rtx 3050 (laptop, 70w, 6gb)",,
207,"geforce rtx 3050 (laptop, 75w)","geforce rtx 3050 (laptop, 75w)",,
208,"geforce rtx 3050 (laptop, 75w, 6gb)","geforce rtx 3050 (laptop, 75w, 6gb)",,
209,"geforce rtx 3050 (laptop, 80w)",,,
210,"geforce rtx 3050 (laptop, 80w, 6gb)",,,
211,"geforce rtx 3050 (laptop, 85w)","geforce rtx 3050 (laptop, 85w)",,
212,"geforce rtx 3050 (laptop, 90w)","geforce rtx 3050 (laptop, 90w)",,
213,"geforce rtx 3050 (laptop, 95w)","geforce rtx 3050 (laptop, 95w)",,
214,"geforce rtx 3050 (laptop, 95w, 6gb)",,,
215,geforce rtx 3050 ti (laptop),geforce rtx 3050 ti (laptop),,
216,geforce rtx 3050 ti (laptop),geforce rtx 3050 ti (laptop),,
217,"geforce rtx 3050 ti (laptop, 100w)",,,
218,"geforce rtx 3050 ti (laptop, 40w)","geforce rtx 3050 ti (laptop, 40w)",,
219,"geforce rtx 3050 ti (laptop, 45w)","geforce rtx 3050 ti (laptop, 45w)",,
220,"geforce rtx 3050 ti (laptop, 50w)","geforce rtx 3050 ti (laptop, 50w)",,
221,"geforce rtx 3050 ti (laptop, 60w)","geforce rtx 3050 ti (laptop, 60w)",,
222,"geforce rtx 3050 ti (laptop, 65w)","geforce rtx 3050 ti (laptop, 65w)",,
223,"geforce rtx 3050 ti (laptop, 75w)","geforce rtx 3050 ti (laptop, 75w)",,
224,"geforce rtx 3050 ti (laptop, 80w)","geforce rtx 3050 ti (laptop, 80w)",,
225,"geforce rtx 3050 ti (laptop, 85w)","geforce rtx 3050 ti (laptop, 85w)",,
226,"geforce rtx 3050 ti (laptop, 90w)","geforce rtx 3050 ti (laptop, 90w)",,
227,"geforce rtx 3050 ti (laptop, 95w)","geforce rtx 3050 ti (laptop, 95w)",,
228,geforce rtx 3060 (laptop),geforce rtx 3060 (laptop),,
229,geforce rtx 3060 (laptop),geforce rtx 3060 (laptop),,
230,"geforce rtx 3060 (laptop, 100w)","geforce rtx 3060 (laptop, 100w)",,
231,"geforce rtx 3060 (laptop, 105w)","geforce rtx 3060 (laptop, 105w)",,
232,"geforce rtx 3060 (laptop, 105w)","geforce rtx 3060 (laptop, 105w)",,
233,"geforce rtx 3060 (laptop, 115w)",,,
234,"geforce rtx 3060 (laptop, 120w)","geforce rtx 3060 (laptop, 120w)",,
235,"geforce rtx 3060 (laptop, 125w)","geforce rtx 3060 (laptop, 125w)",,
236,"geforce rtx 3060 (laptop, 130w)","geforce rtx 3060 (laptop, 130w)",,
237,"geforce rtx 3060 (laptop, 140w)","geforce rtx 3060 (laptop, 140w)",,
238,"geforce rtx 3060 (laptop, 50w)",,,
239,"geforce rtx 3060 (laptop, 65w)","geforce rtx 3060 (laptop, 65w)",,
240,"geforce rtx 3060 (laptop, 70w)","geforce rtx 3060 (laptop, 70w)",,
241,"geforce rtx 3060 (laptop, 75w)","geforce rtx 3060 (laptop, 75w)",,
242,"geforce rtx 3060 (laptop, 80w)","geforce rtx 3060 (laptop, 80w)",,
243,"geforce rtx 3060 (laptop, 85w)","geforce rtx 3060 (laptop, 85w)",,
244,"geforce rtx 3060 (laptop, 90w)","geforce rtx 3060 (laptop, 90w)",,
245,"geforce rtx 3060 (laptop, 95w)","geforce rtx 3060 (laptop, 95w)",,
246,geforce rtx 3070 (laptop),geforce rtx 3070 (laptop),,
247,geforce rtx 3070 (laptop),geforce rtx 3070 (laptop),,
248,"geforce rtx 3070 (laptop, 100w)","geforce rtx 3070 (laptop, 100w)",,
249,"geforce rtx 3070 (laptop, 105w)","geforce rtx 3070 (laptop, 105w)",,
250,"geforce rtx 3070 (laptop, 105w)","geforce rtx 3070 (laptop, 105w)",,
251,"geforce rtx 3070 (laptop, 110w)","geforce rtx 3070 (laptop, 110w)",,
252,"geforce rtx 3070 (laptop, 130w)","geforce rtx 3070 (laptop, 130w)",,
253,"geforce rtx 3070 (laptop, 135w)",,,
254,"geforce rtx 3070 (laptop, 140w)","geforce rtx 3070 (laptop, 140w)",,
255,"geforce rtx 3070 (laptop, 150w)",,,
256,"geforce rtx 3070 (laptop, 85w)","geforce rtx 3070 (laptop, 85w)",,
257,"geforce rtx 3070 (laptop, 95w)","geforce rtx 3070 (laptop, 95w)",,
258,geforce rtx 3070 ti (laptop),geforce rtx 3070 ti (laptop),,
259,geforce rtx 3070 ti (laptop),geforce rtx 3070 ti (laptop),,
260,"geforce rtx 3070 ti (laptop, 105w)","geforce rtx 3070 ti (laptop, 105w)",,
261,"geforce rtx 3070 ti (laptop, 110w)",,,
262,"geforce rtx 3070 ti (laptop, 115w)","geforce rtx 3070 ti (laptop, 115w)",,
263,"geforce rtx 3070 ti (laptop, 120w)","geforce rtx 3070 ti (laptop, 120w)",,
264,"geforce rtx 3070 ti (laptop, 130w)","geforce rtx 3070 ti (laptop, 130w)",,
265,"geforce rtx 3070 ti (laptop, 140w)","geforce rtx 3070 ti (laptop, 140w)",,
266,"geforce rtx 3070 ti (laptop, 150w)","geforce rtx 3070 ti (laptop, 150w)",,
267,geforce rtx 3080 (laptop),geforce rtx 3080 (laptop),,
268,geforce rtx 3080 (laptop),geforce rtx 3080 (laptop),,
269,"geforce rtx 3080 (laptop, 100w)","geforce rtx 3080 (laptop, 100w)",,
270,"geforce rtx 3080 (laptop, 105w)",,,
271,"geforce rtx 3080 (laptop, 110w)","geforce rtx 3080 (laptop, 110w)",,
272,"geforce rtx 3080 (laptop, 120w)",,,
273,"geforce rtx 3080 (laptop, 130w)","geforce rtx 3080 (laptop, 130w)",,
274,"geforce rtx 3080 (laptop, 140w)","geforce rtx 3080 (laptop, 140w)",,
275,"geforce rtx 3080 (laptop, 150w)","geforce rtx 3080 (laptop, 150w)",,
276,"geforce rtx 3080 (laptop, 155w)",,,
277,"geforce rtx 3080 (laptop, 165w)","geforce rtx 3080 (laptop, 165w)",,
278,"geforce rtx 3080 (laptop, 175w)",,,
279,"geforce rtx 3080 (laptop, 90w)","geforce rtx 3080 (laptop, 90w)",,
280,"geforce rtx 3080 (laptop, 95w)","geforce rtx 3080 (laptop, 95w)",,
281,geforce rtx 3080 ti (laptop),geforce rtx 3080 ti (laptop),,
282,geforce rtx 3080 ti (laptop),geforce rtx 3080 ti (laptop),,
283,"geforce rtx 3080 ti (laptop, 105w)","geforce rtx 3080 ti (laptop, 105w)",,
284,"geforce rtx 3080 ti (laptop, 110w)",,,
285,"geforce rtx 3080 ti (laptop, 120w)",,,
286,"geforce rtx 3080 ti (laptop, 130w)","geforce rtx 3080 ti (laptop, 130w)",,
287,"geforce rtx 3080 ti (laptop, 135w)",,,
288,"geforce rtx 3080 ti (laptop, 140w)",,,
289,"geforce rtx 3080 ti (laptop, 150w)","geforce rtx 3080 ti (laptop, 150w)",,
290,"geforce rtx 3080 ti (laptop, 165w)","geforce rtx 3080 ti (laptop, 165w)",,
291,"geforce rtx 3080 ti (laptop, 175w)","geforce rtx 3080 ti (laptop, 175w)",,
292,geforce rtx 4050 (laptop),geforce rtx 4050 (laptop),,
293,geforce rtx 4050 (laptop),geforce rtx 4050 (laptop),,
294,"geforce rtx 4050 (laptop, 100w)","geforce rtx 4050 (laptop, 100w)",,
295,"geforce rtx 4050 (laptop, 105w)","geforce rtx 4050 (laptop, 105w)",,
296,"geforce rtx 4050 (laptop, 115w)","geforce rtx 4050 (laptop, 115w)",,
297,"geforce rtx 4050 (laptop, 120w)","geforce rtx 4050 (laptop, 120w)",,
298,"geforce rtx 4050 (laptop, 130w)","geforce rtx 4050 (laptop, 130w)",,
299,"geforce rtx 4050 (laptop, 140w)","geforce rtx 4050 (laptop, 140w)",,
300,"geforce rtx 4050 (laptop, 35w)","geforce rtx 4050 (laptop, 35w)",,
301,"geforce rtx 4050 (laptop, 45w)","geforce rtx 4050 (laptop, 45w)",,
302,"geforce rtx 4050 (laptop, 50w)","geforce rtx 4050 (laptop, 50w)",GeForce RTX 4050 Mobile,mismatched clock?
303,"geforce rtx 4050 (laptop, 55w)","geforce rtx 4050 (laptop, 55w)",,
304,"geforce rtx 4050 (laptop, 60w)","geforce rtx 4050 (laptop, 60w)",,
305,"geforce rtx 4050 (laptop, 65w)","geforce rtx 4050 (laptop, 65w)",,
306,"geforce rtx 4050 (laptop, 75w)","geforce rtx 4050 (laptop, 75w)",,
307,"geforce rtx 4050 (laptop, 80w)","geforce rtx 4050 (laptop, 80w)",,
308,"geforce rtx 4050 (laptop, 85w)",,,
309,"geforce rtx 4050 (laptop, 90w)","geforce rtx 4050 (laptop, 90w)",,
310,"geforce rtx 4050 (laptop, 95w)","geforce rtx 4050 (laptop, 95w)",,
311,geforce rtx 4060 (laptop),geforce rtx 4060 (laptop),,
312,geforce rtx 4060 (laptop),geforce rtx 4060 (laptop),,
313,"geforce rtx 4060 (laptop, 100w)","geforce rtx 4060 (laptop, 100w)",,
314,"geforce rtx 4060 (laptop, 105w)","geforce rtx 4060 (laptop, 105w)",,
315,"geforce rtx 4060 (laptop, 110w)","geforce rtx 4060 (laptop, 110w)",,
316,"geforce rtx 4060 (laptop, 115w)","geforce rtx 4060 (laptop, 115w)",GeForce RTX 4060 Mobile,mismatched clock?
317,"geforce rtx 4060 (laptop, 120w)","geforce rtx 4060 (laptop, 120w)",,
318,"geforce rtx 4060 (laptop, 125w)","geforce rtx 4060 (laptop, 125w)",,
319,"geforce rtx 4060 (laptop, 130w)","geforce rtx 4060 (laptop, 130w)",,
320,"geforce rtx 4060 (laptop, 140w)","geforce rtx 4060 (laptop, 140w)",,
321,"geforce rtx 4060 (laptop, 40w)",,,
322,"geforce rtx 4060 (laptop, 45w)","geforce rtx 4060 (laptop, 45w)",,
323,"geforce rtx 4060 (laptop, 50w)","geforce rtx 4060 (laptop, 50w)",,
324,"geforce rtx 4060 (laptop, 55w)","geforce rtx 4060 (laptop, 55w)",,
325,"geforce rtx 4060 (laptop, 60w)","geforce rtx 4060 (laptop, 60w)",,
326,"geforce rtx 4060 (laptop, 65w)","geforce rtx 4060 (laptop, 65w)",,
327,"geforce rtx 4060 (laptop, 75w)","geforce rtx 4060 (laptop, 75w)",,
328,"geforce rtx 4060 (laptop, 80w)","geforce rtx 4060 (laptop, 80w)",,
329,"geforce rtx 4060 (laptop, 85w)",,,
330,"geforce rtx 4060 (laptop, 90w)","geforce rtx 4060 (laptop, 90w)",,
331,"geforce rtx 4060 (laptop, 95w)",,,
332,geforce rtx 4070 (laptop),geforce rtx 4070 (laptop),,
333,"geforce rtx 4070 (laptop, 100w)","geforce rtx 4070 (laptop, 100w)",,
334,"geforce rtx 4070 (laptop, 105w)","geforce rtx 4070 (laptop, 105w)",,
335,"geforce rtx 4070 (laptop, 110w)","geforce rtx 4070 (laptop, 110w)",,
336,"geforce rtx 4070 (laptop, 115w)","geforce rtx 4070 (laptop, 115w)",GeForce RTX 4070 Mobile,4nm vs 5nm?
337,"geforce rtx 4070 (laptop, 120w)","geforce rtx 4070 (laptop, 120w)",,
338,"geforce rtx 4070 (laptop, 125w)","geforce rtx 4070 (laptop, 125w)",,
339,"geforce rtx 4070 (laptop, 130w)","geforce rtx 4070 (laptop, 130w)",,
340,"geforce rtx 4070 (laptop, 140w)","geforce rtx 4070 (laptop, 140w)",,
341,"geforce rtx 4070 (laptop, 50w)","geforce rtx 4070 (laptop, 50w)",,
342,"geforce rtx 4070 (laptop, 55w)",,,
343,"geforce rtx 4070 (laptop, 60w)","geforce rtx 4070 (laptop, 60w)",,
344,"geforce rtx 4070 (laptop, 65w)","geforce rtx 4070 (laptop, 65w)",,
345,"geforce rtx 4070 (laptop, 70w)","geforce rtx 4070 (laptop, 70w)",,
346,"geforce rtx 4070 (laptop, 80w)","geforce rtx 4070 (laptop, 80w)",,
347,"geforce rtx 4070 (laptop, 90w)","geforce rtx 4070 (laptop, 90w)",,
348,"geforce rtx 4070 (laptop, 95w)","geforce rtx 4070 (laptop, 95w)",,
349,geforce rtx 4080 (laptop),,GeForce RTX 4080 Mobile,
350,"geforce rtx 4080 (laptop, 105w)","geforce rtx 4080 (laptop, 105w)",,
351,"geforce rtx 4080 (laptop, 115w)","geforce rtx 4080 (laptop, 115w)",,
352,"geforce rtx 4080 (laptop, 125w)",,,
353,"geforce rtx 4080 (laptop, 140w)","geforce rtx 4080 (laptop, 140w)",,
354,"geforce rtx 4080 (laptop, 145w)","geforce rtx 4080 (laptop, 145w)",,
355,"geforce rtx 4080 (laptop, 150w)",,,
356,"geforce rtx 4080 (laptop, 165w)",,,
357,"geforce rtx 4080 (laptop, 175w)","geforce rtx 4080 (laptop, 175w)",,
358,"geforce rtx 4080 (laptop, 60w)",,,
359,"geforce rtx 4080 (laptop, 80w)","geforce rtx 4080 (laptop, 80w)",,
360,geforce rtx 4090 (laptop),,GeForce RTX 4090 Mobile,
361,"geforce rtx 4090 (laptop, 105w)",,,
362,"geforce rtx 4090 (laptop, 115w)","geforce rtx 4090 (laptop, 115w)",,
363,"geforce rtx 4090 (laptop, 125w)","geforce rtx 4090 (laptop, 125w)",,
364,"geforce rtx 4090 (laptop, 140w)",,,
365,"geforce rtx 4090 (laptop, 150w)","geforce rtx 4090 (laptop, 150w)",,
366,"geforce rtx 4090 (laptop, 165w)",,,
367,"geforce rtx 4090 (laptop, 175w)","geforce rtx 4090 (laptop, 175w)",,
368,"geforce rtx 4090 (laptop, 80w)",,,
369,quadro p1000 (4gb gddr5),,Quadro P1000 Mobile,
370,"quadro p2000 (laptop, 4gb gddr5)",,Quadro P2000 Mobile,474
371,quadro p520 (2gb gddr5),,Quadro P520 Mobile,
372,quadro p520 (4gb gddr5),quadro p520 (4gb gddr5),,
373,quadro p600 (4gb gddr5),,Quadro P600 Mobile,
374,quadro p620 (2gb gddr5),,,
375,quadro p620 (4gb gddr5),quadro p620 (4gb gddr5),Quadro P620 Mobile,
376,quadro rtx 3000 (laptop),,Quadro RTX 3000 Mobile,
377,quadro rtx 3000 max-q,,"quadro rtx 3000 max-q",
378,quadro rtx 4000 (laptop),,Quadro RTX 4000 Mobile,
379,quadro rtx 4000 max-q,,"quadro rtx 4000 max-q",
380,"quadro rtx 5000 (16gb gddr6, laptop)",,Quadro RTX 5000 Mobile,
381,quadro rtx 5000 max-q (16gb gddr6),,Quadro RTX 5000 Max-Q,
382,quadro t1000 (4gb gddr5),,Quadro T1000 Mobile,
383,quadro t1000 max-q,quadro t1000 max-q,"quadro t1000 max-q",
384,quadro t2000 (4gb gddr5),quadro t2000 (4gb gddr5),Quadro T2000 Mobile,
385,quadro t2000 max-q,quadro t2000 max-q,"quadro t2000 max-q",
386,quadro t550 (25w),quadro t550 (25w),,
387,rtx 1000 ada generation,,RTX 1000 Mobile Ada Generation,
388,rtx 1000 ada generation (50w),rtx 1000 ada generation (50w),,
389,rtx 1000 ada generation (60w),,RTX 1000 Mobile Ada Generation,
390,rtx 2000 ada generation (105w),,,
391,rtx 2000 ada generation (35w),,,
392,rtx 2000 ada generation (50w),rtx 2000 ada generation (50w),RTX 2000 Mobile Ada Generation,
393,rtx 2000 ada generation (60w),,,
394,rtx 2000 ada generation (65w),rtx 2000 ada generation (65w),,
395,rtx 2000 ada generation (80w),rtx 2000 ada generation (80w),,
396,rtx 2000 ada generation (laptop),rtx 2000 ada generation (laptop),,
397,rtx 3000 ada generation (105w),,,
398,rtx 3000 ada generation (130w),,,
399,rtx 3000 ada generation (35w),,,
400,rtx 3000 ada generation (50w),rtx 3000 ada generation (50w),,
401,rtx 3000 ada generation (60w),rtx 3000 ada generation (60w),,
402,rtx 3000 ada generation (laptop),rtx 3000 ada generation (laptop),RTX 3000 Mobile Ada Generation,
403,rtx 3500 ada generation (115w),,,
404,rtx 3500 ada generation (175w),,,
405,rtx 3500 ada generation (80w),,,
406,rtx 3500 ada generation (laptop),rtx 3500 ada generation (laptop),RTX 3500 Mobile Ada Generation,
407,rtx 4000 ada generation (115w),,,
408,rtx 4000 ada generation (80w),,,
409,rtx 4000 ada generation (laptop),rtx 4000 ada generation (laptop),RTX 4000 Mobile Ada Generation,
410,rtx 500 ada generation,,RTX 500 Mobile Ada Generation,
411,rtx 500 ada generation (35w),rtx 500 ada generation (35w),RTX 500 Mobile Ada Generation,
412,rtx 5000 ada generation (105w),rtx 5000 ada generation (105w),,
413,rtx 5000 ada generation (115w),,,
414,rtx 5000 ada generation (175w),,,
415,rtx 5000 ada generation (80w),,,
416,rtx 5000 ada generation (95w),rtx 5000 ada generation (95w),,
417,rtx 5000 ada generation (laptop),rtx 5000 ada generation (laptop),RTX 5000 Mobile Ada Generation,
418,rtx a1000 (laptop),rtx a1000 (laptop),RTX A1000 Mobile,
419,rtx a1000 (laptop),rtx a1000 (laptop),RTX A1000 Mobile,
420,"rtx a1000 (laptop, 35w, 6gb)",,,
421,"rtx a1000 (laptop, 60w)",,RTX A1000 Mobile 6 GB,6GB?
422,"rtx a1000 (laptop, 65w, 6gb)","rtx a1000 (laptop, 65w, 6gb)",RTX A1000 Mobile 6 GB,"5W different, acceptable?"
423,"rtx a1000 (laptop, 95w)","rtx a1000 (laptop, 95w)",,
424,rtx a2000 (laptop),rtx a2000 (laptop),RTX A2000 Mobile,
425,rtx a2000 (laptop),rtx a2000 (laptop),RTX A2000 Mobile,
426,"rtx a2000 (laptop, 50w)",,,
427,"rtx a2000 (laptop, 65w)","rtx a2000 (laptop, 65w)",,
428,"rtx a2000 (laptop, 80w)","rtx a2000 (laptop, 80w)",,
429,"rtx a2000 (laptop, 95w)",rtx a2000 (laptop),RTX A2000 Mobile,
430,rtx a3000 (laptop),rtx a3000 (laptop),RTX A3000 Mobile,
431,rtx a3000 (laptop),rtx a3000 (laptop),RTX A3000 Mobile,
432,"rtx a3000 (laptop, 135w)","rtx a3000 (laptop, 135w)",,
433,"rtx a3000 (laptop, 65w, 12gb)",,RTX A3000 Mobile 12 GB,259
434,rtx a4000 (laptop),rtx a4000 (laptop),RTX A4000 Mobile,
435,rtx a4000 (laptop),rtx a4000 (laptop),RTX A4000 Mobile,
436,rtx a4500 (laptop),,RTX A4500 Mobile,140W ?
437,"rtx a4500 (laptop, 135w)","rtx a4500 (laptop, 135w)",RTX A4500 Mobile,5W difference
438,rtx a500 (laptop),,RTX A500 Mobile,
439,"rtx a500 (laptop, 30w)","rtx a500 (laptop, 30w)",,TDP Unknown
440,"rtx a500 (laptop, 35w)",,,TDP Unknown
441,rtx a5000 (laptop),rtx a5000 (laptop),,wrong gpu code name
442,rtx a5000 (laptop),rtx a5000 (laptop),,wrong gpu code name
443,rtx a5500 (laptop),rtx a5500 (laptop),RTX A5500 Mobile,
444,rtx a5500 (laptop),rtx a5500 (laptop),RTX A5500 Mobile,
445,"rtx a5500 (laptop, 130w)","rtx a5500 (laptop, 130w)",,
446,"rtx a5500 (laptop, 135w)",,,
447,t1200,t1200,Quadro T1200 Mobile,
448,t500,t500,T500 Mobile,
449,t550,t550,T550 Mobile,
450,t600,t600,T600 Mobile,
451,adreno 618,,,
452,adreno 690,adreno 690,,
453,snapdragon x elite adreno gpu,snapdragon x elite adreno gpu,,
454,nan,,,
